match_id,season,start_date,venue,innings,ball,batting_team,bowling_team,striker,non_striker,bowler,runs_off_bat,extras,wides,noballs,byes,legbyes,penalty,wicket_type,player_dismissed,other_wicket_type,other_player_dismissed
1415115,2024,2024-08-04,"County Ground, Northampton",1,0.1,Northamptonshire,Worcestershire,PP Shaw,R Vasconcelos,TAI Taylor,4,0,,,,,,,,,
1415115,2024,2024-08-04,"County Ground, Northampton",1,0.2,Northamptonshire,Worcestershire,PP Shaw,R Vasconcelos,TAI Taylor,4,0,,,,,,,,,
1415115,2024,2024-08-04,"County Ground, Northampton",1,0.3,Northamptonshire,Worcestershire,PP Shaw,R Vasconcelos,TAI Taylor,0,0,,,,,,,,,
1415115,2024,2024-08-04,"County Ground, Northampton",1,0.4,Northamptonshire,Worcestershire,PP Shaw,R Vasconcelos,TAI Taylor,0,0,,,,,,,,,
1415115,2024,2024-08-04,"County Ground, Northampton",1,0.5,Northamptonshire,Worcestershire,PP Shaw,R Vasconcelos,TAI Taylor,0,0,,,,,,,,,
1415115,2024,2024-08-04,"County Ground, Northampton",1,0.6,Northamptonshire,Worcestershire,PP Shaw,R Vasconcelos,TAI Taylor,0,0,,,,,,,,,
1415115,2024,2024-08-04,"County Ground, Northampton",1,1.1,Northamptonshire,Worcestershire,R Vasconcelos,PP Shaw,HC Darley,0,0,,,,,,,,,
1415115,2024,2024-08-04,"County Ground, Northampton",1,1.2,Northamptonshire,Worcestershire,R Vasconcelos,PP Shaw,HC Darley,1,0,,,,,,,,,
1415115,2024,2024-08-04,"County Ground, Northampton",1,1.3,Northamptonshire,Worcestershire,PP Shaw,R Vasconcelos,HC Darley,0,0,,,,,,,,,
1415115,2024,2024-08-04,"County Ground, Northampton",1,1.4,Northamptonshire,Worcestershire,PP Shaw,R Vasconcelos,HC Darley,0,0,,,,,,,,,
1415115,2024,2024-08-04,"County Ground, Northampton",1,1.5,Northamptonshire,Worcestershire,PP Shaw,R Vasconcelos,HC Darley,1,0,,,,,,,,,
1415115,2024,2024-08-04,"County Ground, Northampton",1,1.6,Northamptonshire,Worcestershire,R Vasconcelos,PP Shaw,HC Darley,0,0,,,,,,,,,
1415115,2024,2024-08-04,"County Ground, Northampton",1,2.1,Northamptonshire,Worcestershire,PP Shaw,R Vasconcelos,TAI Taylor,2,0,,,,,,,,,
1415115,2024,2024-08-04,"County Ground, Northampton",1,2.2,Northamptonshire,Worcestershire,PP Shaw,R Vasconcelos,TAI Taylor,0,1,1,,,,,,,,
1415115,2024,2024-08-04,"County Ground, Northampton",1,2.3,Northamptonshire,Worcestershire,PP Shaw,R Vasconcelos,TAI Taylor,1,0,,,,,,,,,
1415115,2024,2024-08-04,"County Ground, Northampton",1,2.4,Northamptonshire,Worcestershire,R Vasconcelos,PP Shaw,TAI Taylor,0,0,,,,,,,,,
1415115,2024,2024-08-04,"County Ground, Northampton",1,2.5,Northamptonshire,Worcestershire,R Vasconcelos,PP Shaw,TAI Taylor,0,0,,,,,,,,,
1415115,2024,2024-08-04,"County Ground, Northampton",1,2.6,Northamptonshire,Worcestershire,R Vasconcelos,PP Shaw,TAI Taylor,0,0,,,,,,,,,
1415115,2024,2024-08-04,"County Ground, Northampton",1,2.7,Northamptonshire,Worcestershire,R Vasconcelos,PP Shaw,TAI Taylor,0,0,,,,,,,,,
1415115,2024,2024-08-04,"County Ground, Northampton",1,3.1,Northamptonshire,Worcestershire,PP Shaw,R Vasconcelos,HC Darley,0,0,,,,,,,,,
1415115,2024,2024-08-04,"County Ground, Northampton",1,3.2,Northamptonshire,Worcestershire,PP Shaw,R Vasconcelos,HC Darley,2,0,,,,,,,,,
1415115,2024,2024-08-04,"County Ground, Northampton",1,3.3,Northamptonshire,Worcestershire,PP Shaw,R Vasconcelos,HC Darley,0,0,,,,,,,,,
1415115,2024,2024-08-04,"County Ground, Northampton",1,3.4,Northamptonshire,Worcestershire,PP Shaw,R Vasconcelos,HC Darley,4,0,,,,,,,,,
1415115,2024,2024-08-04,"County Ground, Northampton",1,3.5,Northamptonshire,Worcestershire,PP Shaw,R Vasconcelos,HC Darley,0,0,,,,,,,,,
1415115,2024,2024-08-04,"County Ground, Northampton",1,3.6,Northamptonshire,Worcestershire,PP Shaw,R Vasconcelos,HC Darley,2,0,,,,,,,,,
1415115,2024,2024-08-04,"County Ground, Northampton",1,4.1,Northamptonshire,Worcestershire,R Vasconcelos,PP Shaw,TAI Taylor,1,0,,,,,,,,,
1415115,2024,2024-08-04,"County Ground, Northampton",1,4.2,Northamptonshire,Worcestershire,PP Shaw,R Vasconcelos,TAI Taylor,0,0,,,,,,,,,
1415115,2024,2024-08-04,"County Ground, Northampton",1,4.3,Northamptonshire,Worcestershire,PP Shaw,R Vasconcelos,TAI Taylor,0,0,,,,,,,,,
1415115,2024,2024-08-04,"County Ground, Northampton",1,4.4,Northamptonshire,Worcestershire,PP Shaw,R Vasconcelos,TAI Taylor,0,0,,,,,,,,,
1415115,2024,2024-08-04,"County Ground, Northampton",1,4.5,Northamptonshire,Worcestershire,PP Shaw,R Vasconcelos,TAI Taylor,4,0,,,,,,,,,
1415115,2024,2024-08-04,"County Ground, Northampton",1,4.6,Northamptonshire,Worcestershire,PP Shaw,R Vasconcelos,TAI Taylor,0,0,,,,,,,,,
1415115,2024,2024-08-04,"County Ground, Northampton",1,5.1,Northamptonshire,Worcestershire,R Vasconcelos,PP Shaw,HC Darley,1,0,,,,,,,,,
1415115,2024,2024-08-04,"County Ground, Northampton",1,5.2,Northamptonshire,Worcestershire,PP Shaw,R Vasconcelos,HC Darley,3,0,,,,,,,,,
1415115,2024,2024-08-04,"County Ground, Northampton",1,5.3,Northamptonshire,Worcestershire,R Vasconcelos,PP Shaw,HC Darley,4,2,,2,,,,,,,
1415115,2024,2024-08-04,"County Ground, Northampton",1,5.4,Northamptonshire,Worcestershire,R Vasconcelos,PP Shaw,HC Darley,2,0,,,,,,,,,
1415115,2024,2024-08-04,"County Ground, Northampton",1,5.5,Northamptonshire,Worcestershire,R Vasconcelos,PP Shaw,HC Darley,0,0,,,,,,,,,
1415115,2024,2024-08-04,"County Ground, Northampton",1,5.6,Northamptonshire,Worcestershire,R Vasconcelos,PP Shaw,HC Darley,1,0,,,,,,,,,
1415115,2024,2024-08-04,"County Ground, Northampton",1,5.7,Northamptonshire,Worcestershire,PP Shaw,R Vasconcelos,HC Darley,4,0,,,,,,,,,
1415115,2024,2024-08-04,"County Ground, Northampton",1,6.1,Northamptonshire,Worcestershire,R Vasconcelos,PP Shaw,TAI Taylor,0,0,,,,,,,,,
1415115,2024,2024-08-04,"County Ground, Northampton",1,6.2,Northamptonshire,Worcestershire,R Vasconcelos,PP Shaw,TAI Taylor,0,0,,,,,,,,,
1415115,2024,2024-08-04,"County Ground, Northampton",1,6.3,Northamptonshire,Worcestershire,R Vasconcelos,PP Shaw,TAI Taylor,0,0,,,,,,,,,
1415115,2024,2024-08-04,"County Ground, Northampton",1,6.4,Northamptonshire,Worcestershire,R Vasconcelos,PP Shaw,TAI Taylor,1,0,,,,,,,,,
1415115,2024,2024-08-04,"County Ground, Northampton",1,6.5,Northamptonshire,Worcestershire,PP Shaw,R Vasconcelos,TAI Taylor,2,0,,,,,,,,,
1415115,2024,2024-08-04,"County Ground, Northampton",1,6.6,Northamptonshire,Worcestershire,PP Shaw,R Vasconcelos,TAI Taylor,4,0,,,,,,,,,
1415115,2024,2024-08-04,"County Ground, Northampton",1,7.1,Northamptonshire,Worcestershire,R Vasconcelos,PP Shaw,HC Darley,0,0,,,,,,,,,
1415115,2024,2024-08-04,"County Ground, Northampton",1,7.2,Northamptonshire,Worcestershire,R Vasconcelos,PP Shaw,HC Darley,0,0,,,,,,,,,
1415115,2024,2024-08-04,"County Ground, Northampton",1,7.3,Northamptonshire,Worcestershire,R Vasconcelos,PP Shaw,HC Darley,0,0,,,,,,,,,
1415115,2024,2024-08-04,"County Ground, Northampton",1,7.4,Northamptonshire,Worcestershire,R Vasconcelos,PP Shaw,HC Darley,4,0,,,,,,,,,
1415115,2024,2024-08-04,"County Ground, Northampton",1,7.5,Northamptonshire,Worcestershire,R Vasconcelos,PP Shaw,HC Darley,0,0,,,,,,,,,
1415115,2024,2024-08-04,"County Ground, Northampton",1,7.6,Northamptonshire,Worcestershire,R Vasconcelos,PP Shaw,HC Darley,0,0,,,,,,,,,
1415115,2024,2024-08-04,"County Ground, Northampton",1,8.1,Northamptonshire,Worcestershire,PP Shaw,R Vasconcelos,TAI Taylor,0,0,,,,,,,,,
1415115,2024,2024-08-04,"County Ground, Northampton",1,8.2,Northamptonshire,Worcestershire,PP Shaw,R Vasconcelos,TAI Taylor,2,0,,,,,,,,,
1415115,2024,2024-08-04,"County Ground, Northampton",1,8.3,Northamptonshire,Worcestershire,PP Shaw,R Vasconcelos,TAI Taylor,0,0,,,,,,,,,
1415115,2024,2024-08-04,"County Ground, Northampton",1,8.4,Northamptonshire,Worcestershire,PP Shaw,R Vasconcelos,TAI Taylor,0,0,,,,,,,,,
1415115,2024,2024-08-04,"County Ground, Northampton",1,8.5,Northamptonshire,Worcestershire,PP Shaw,R Vasconcelos,TAI Taylor,2,0,,,,,,,,,
1415115,2024,2024-08-04,"County Ground, Northampton",1,8.6,Northamptonshire,Worcestershire,PP Shaw,R Vasconcelos,TAI Taylor,6,0,,,,,,,,,
1415115,2024,2024-08-04,"County Ground, Northampton",1,9.1,Northamptonshire,Worcestershire,R Vasconcelos,PP Shaw,HC Darley,1,0,,,,,,,,,
1415115,2024,2024-08-04,"County Ground, Northampton",1,9.2,Northamptonshire,Worcestershire,PP Shaw,R Vasconcelos,HC Darley,0,0,,,,,,,,,
1415115,2024,2024-08-04,"County Ground, Northampton",1,9.3,Northamptonshire,Worcestershire,PP Shaw,R Vasconcelos,HC Darley,0,0,,,,,,,,,
1415115,2024,2024-08-04,"County Ground, Northampton",1,9.4,Northamptonshire,Worcestershire,PP Shaw,R Vasconcelos,HC Darley,2,0,,,,,,,,,
1415115,2024,2024-08-04,"County Ground, Northampton",1,9.5,Northamptonshire,Worcestershire,PP Shaw,R Vasconcelos,HC Darley,1,0,,,,,,,,,
1415115,2024,2024-08-04,"County Ground, Northampton",1,9.6,Northamptonshire,Worcestershire,R Vasconcelos,PP Shaw,HC Darley,1,0,,,,,,,,,
1415115,2024,2024-08-04,"County Ground, Northampton",1,10.1,Northamptonshire,Worcestershire,R Vasconcelos,PP Shaw,EA Brookes,1,0,,,,,,,,,
1415115,2024,2024-08-04,"County Ground, Northampton",1,10.2,Northamptonshire,Worcestershire,PP Shaw,R Vasconcelos,EA Brookes,1,0,,,,,,,,,
1415115,2024,2024-08-04,"County Ground, Northampton",1,10.3,Northamptonshire,Worcestershire,R Vasconcelos,PP Shaw,EA Brookes,0,0,,,,,,,,,
1415115,2024,2024-08-04,"County Ground, Northampton",1,10.4,Northamptonshire,Worcestershire,R Vasconcelos,PP Shaw,EA Brookes,0,0,,,,,,,,,
1415115,2024,2024-08-04,"County Ground, Northampton",1,10.5,Northamptonshire,Worcestershire,R Vasconcelos,PP Shaw,EA Brookes,1,0,,,,,,,,,
1415115,2024,2024-08-04,"County Ground, Northampton",1,10.6,Northamptonshire,Worcestershire,PP Shaw,R Vasconcelos,EA Brookes,0,0,,,,,,,,,
1415115,2024,2024-08-04,"County Ground, Northampton",1,11.1,Northamptonshire,Worcestershire,R Vasconcelos,PP Shaw,HM Khan,0,1,1,,,,,,,,
1415115,2024,2024-08-04,"County Ground, Northampton",1,11.2,Northamptonshire,Worcestershire,R Vasconcelos,PP Shaw,HM Khan,0,1,1,,,,,,,,
1415115,2024,2024-08-04,"County Ground, Northampton",1,11.3,Northamptonshire,Worcestershire,R Vasconcelos,PP Shaw,HM Khan,2,0,,,,,,,,,
1415115,2024,2024-08-04,"County Ground, Northampton",1,11.4,Northamptonshire,Worcestershire,R Vasconcelos,PP Shaw,HM Khan,0,0,,,,,,,,,
1415115,2024,2024-08-04,"County Ground, Northampton",1,11.5,Northamptonshire,Worcestershire,R Vasconcelos,PP Shaw,HM Khan,1,0,,,,,,,,,
1415115,2024,2024-08-04,"County Ground, Northampton",1,11.6,Northamptonshire,Worcestershire,PP Shaw,R Vasconcelos,HM Khan,0,0,,,,,,,,,
1415115,2024,2024-08-04,"County Ground, Northampton",1,11.7,Northamptonshire,Worcestershire,PP Shaw,R Vasconcelos,HM Khan,4,0,,,,,,,,,
1415115,2024,2024-08-04,"County Ground, Northampton",1,11.8,Northamptonshire,Worcestershire,PP Shaw,R Vasconcelos,HM Khan,0,0,,,,,,,,,
1415115,2024,2024-08-04,"County Ground, Northampton",1,12.1,Northamptonshire,Worcestershire,R Vasconcelos,PP Shaw,EA Brookes,0,0,,,,,,,,,
1415115,2024,2024-08-04,"County Ground, Northampton",1,12.2,Northamptonshire,Worcestershire,R Vasconcelos,PP Shaw,EA Brookes,0,0,,,,,,,,,
1415115,2024,2024-08-04,"County Ground, Northampton",1,12.3,Northamptonshire,Worcestershire,R Vasconcelos,PP Shaw,EA Brookes,0,0,,,,,,,,,
1415115,2024,2024-08-04,"County Ground, Northampton",1,12.4,Northamptonshire,Worcestershire,R Vasconcelos,PP Shaw,EA Brookes,1,0,,,,,,,,,
1415115,2024,2024-08-04,"County Ground, Northampton",1,12.5,Northamptonshire,Worcestershire,PP Shaw,R Vasconcelos,EA Brookes,1,0,,,,,,,,,
1415115,2024,2024-08-04,"County Ground, Northampton",1,12.6,Northamptonshire,Worcestershire,R Vasconcelos,PP Shaw,EA Brookes,0,0,,,,,,,,,
1415115,2024,2024-08-04,"County Ground, Northampton",1,13.1,Northamptonshire,Worcestershire,PP Shaw,R Vasconcelos,HM Khan,4,0,,,,,,,,,
1415115,2024,2024-08-04,"County Ground, Northampton",1,13.2,Northamptonshire,Worcestershire,PP Shaw,R Vasconcelos,HM Khan,0,0,,,,,,,,,
1415115,2024,2024-08-04,"County Ground, Northampton",1,13.3,Northamptonshire,Worcestershire,PP Shaw,R Vasconcelos,HM Khan,0,0,,,,,,,,,
1415115,2024,2024-08-04,"County Ground, Northampton",1,13.4,Northamptonshire,Worcestershire,PP Shaw,R Vasconcelos,HM Khan,0,0,,,,,,,,,
1415115,2024,2024-08-04,"County Ground, Northampton",1,13.5,Northamptonshire,Worcestershire,PP Shaw,R Vasconcelos,HM Khan,4,0,,,,,,,,,
1415115,2024,2024-08-04,"County Ground, Northampton",1,13.6,Northamptonshire,Worcestershire,PP Shaw,R Vasconcelos,HM Khan,0,0,,,,,,,,,
1415115,2024,2024-08-04,"County Ground, Northampton",1,14.1,Northamptonshire,Worcestershire,R Vasconcelos,PP Shaw,EA Brookes,0,0,,,,,,,,,
1415115,2024,2024-08-04,"County Ground, Northampton",1,14.2,Northamptonshire,Worcestershire,R Vasconcelos,PP Shaw,EA Brookes,0,0,,,,,,,,,
1415115,2024,2024-08-04,"County Ground, Northampton",1,14.3,Northamptonshire,Worcestershire,R Vasconcelos,PP Shaw,EA Brookes,1,0,,,,,,,,,
1415115,2024,2024-08-04,"County Ground, Northampton",1,14.4,Northamptonshire,Worcestershire,PP Shaw,R Vasconcelos,EA Brookes,0,0,,,,,,,,,
1415115,2024,2024-08-04,"County Ground, Northampton",1,14.5,Northamptonshire,Worcestershire,PP Shaw,R Vasconcelos,EA Brookes,1,0,,,,,,,,,
1415115,2024,2024-08-04,"County Ground, Northampton",1,14.6,Northamptonshire,Worcestershire,R Vasconcelos,PP Shaw,EA Brookes,0,0,,,,,,,,,
1415115,2024,2024-08-04,"County Ground, Northampton",1,15.1,Northamptonshire,Worcestershire,PP Shaw,R Vasconcelos,HM Khan,1,0,,,,,,,,,
1415115,2024,2024-08-04,"County Ground, Northampton",1,15.2,Northamptonshire,Worcestershire,R Vasconcelos,PP Shaw,HM Khan,1,0,,,,,,,,,
1415115,2024,2024-08-04,"County Ground, Northampton",1,15.3,Northamptonshire,Worcestershire,PP Shaw,R Vasconcelos,HM Khan,0,0,,,,,,,,,
1415115,2024,2024-08-04,"County Ground, Northampton",1,15.4,Northamptonshire,Worcestershire,PP Shaw,R Vasconcelos,HM Khan,1,0,,,,,,,,,
1415115,2024,2024-08-04,"County Ground, Northampton",1,15.5,Northamptonshire,Worcestershire,R Vasconcelos,PP Shaw,HM Khan,0,0,,,,,,,,,
1415115,2024,2024-08-04,"County Ground, Northampton",1,15.6,Northamptonshire,Worcestershire,R Vasconcelos,PP Shaw,HM Khan,0,1,1,,,,,,,,
1415115,2024,2024-08-04,"County Ground, Northampton",1,15.7,Northamptonshire,Worcestershire,R Vasconcelos,PP Shaw,HM Khan,0,0,,,,,,,,,
1415115,2024,2024-08-04,"County Ground, Northampton",1,16.1,Northamptonshire,Worcestershire,PP Shaw,R Vasconcelos,EA Brookes,0,0,,,,,,,,,
1415115,2024,2024-08-04,"County Ground, Northampton",1,16.2,Northamptonshire,Worcestershire,PP Shaw,R Vasconcelos,EA Brookes,1,0,,,,,,,,,
1415115,2024,2024-08-04,"County Ground, Northampton",1,16.3,Northamptonshire,Worcestershire,R Vasconcelos,PP Shaw,EA Brookes,0,0,,,,,,,,,
1415115,2024,2024-08-04,"County Ground, Northampton",1,16.4,Northamptonshire,Worcestershire,R Vasconcelos,PP Shaw,EA Brookes,0,0,,,,,,,,,
1415115,2024,2024-08-04,"County Ground, Northampton",1,16.5,Northamptonshire,Worcestershire,R Vasconcelos,PP Shaw,EA Brookes,0,5,5,,,,,,,,
1415115,2024,2024-08-04,"County Ground, Northampton",1,16.6,Northamptonshire,Worcestershire,R Vasconcelos,PP Shaw,EA Brookes,0,0,,,,,,,,,
1415115,2024,2024-08-04,"County Ground, Northampton",1,16.7,Northamptonshire,Worcestershire,R Vasconcelos,PP Shaw,EA Brookes,0,0,,,,,,,,,
1415115,2024,2024-08-04,"County Ground, Northampton",1,17.1,Northamptonshire,Worcestershire,PP Shaw,R Vasconcelos,HM Khan,4,0,,,,,,,,,
1415115,2024,2024-08-04,"County Ground, Northampton",1,17.2,Northamptonshire,Worcestershire,PP Shaw,R Vasconcelos,HM Khan,0,0,,,,,,,,,
1415115,2024,2024-08-04,"County Ground, Northampton",1,17.3,Northamptonshire,Worcestershire,PP Shaw,R Vasconcelos,HM Khan,0,0,,,,,,,,,
1415115,2024,2024-08-04,"County Ground, Northampton",1,17.4,Northamptonshire,Worcestershire,PP Shaw,R Vasconcelos,HM Khan,0,0,,,,,,caught,PP Shaw,,
1415115,2024,2024-08-04,"County Ground, Northampton",1,17.5,Northamptonshire,Worcestershire,GA Bartlett,R Vasconcelos,HM Khan,0,0,,,,,,,,,
1415115,2024,2024-08-04,"County Ground, Northampton",1,17.6,Northamptonshire,Worcestershire,GA Bartlett,R Vasconcelos,HM Khan,0,0,,,,,,,,,
1415115,2024,2024-08-04,"County Ground, Northampton",1,18.1,Northamptonshire,Worcestershire,R Vasconcelos,GA Bartlett,EA Brookes,0,0,,,,,,,,,
1415115,2024,2024-08-04,"County Ground, Northampton",1,18.2,Northamptonshire,Worcestershire,R Vasconcelos,GA Bartlett,EA Brookes,1,0,,,,,,,,,
1415115,2024,2024-08-04,"County Ground, Northampton",1,18.3,Northamptonshire,Worcestershire,GA Bartlett,R Vasconcelos,EA Brookes,0,0,,,,,,,,,
1415115,2024,2024-08-04,"County Ground, Northampton",1,18.4,Northamptonshire,Worcestershire,GA Bartlett,R Vasconcelos,EA Brookes,0,0,,,,,,,,,
1415115,2024,2024-08-04,"County Ground, Northampton",1,18.5,Northamptonshire,Worcestershire,GA Bartlett,R Vasconcelos,EA Brookes,0,0,,,,,,,,,
1415115,2024,2024-08-04,"County Ground, Northampton",1,18.6,Northamptonshire,Worcestershire,GA Bartlett,R Vasconcelos,EA Brookes,0,0,,,,,,,,,
1415115,2024,2024-08-04,"County Ground, Northampton",1,19.1,Northamptonshire,Worcestershire,R Vasconcelos,GA Bartlett,HM Khan,1,0,,,,,,,,,
1415115,2024,2024-08-04,"County Ground, Northampton",1,19.2,Northamptonshire,Worcestershire,GA Bartlett,R Vasconcelos,HM Khan,0,0,,,,,,,,,
1415115,2024,2024-08-04,"County Ground, Northampton",1,19.3,Northamptonshire,Worcestershire,GA Bartlett,R Vasconcelos,HM Khan,1,0,,,,,,,,,
1415115,2024,2024-08-04,"County Ground, Northampton",1,19.4,Northamptonshire,Worcestershire,R Vasconcelos,GA Bartlett,HM Khan,0,1,,,,1,,,,,
1415115,2024,2024-08-04,"County Ground, Northampton",1,19.5,Northamptonshire,Worcestershire,GA Bartlett,R Vasconcelos,HM Khan,0,1,1,,,,,,,,
1415115,2024,2024-08-04,"County Ground, Northampton",1,19.6,Northamptonshire,Worcestershire,GA Bartlett,R Vasconcelos,HM Khan,0,0,,,,,,,,,
1415115,2024,2024-08-04,"County Ground, Northampton",1,19.7,Northamptonshire,Worcestershire,GA Bartlett,R Vasconcelos,HM Khan,0,0,,,,,,,,,
1415115,2024,2024-08-04,"County Ground, Northampton",1,20.1,Northamptonshire,Worcestershire,R Vasconcelos,GA Bartlett,TI Hinley,0,0,,,,,,,,,
1415115,2024,2024-08-04,"County Ground, Northampton",1,20.2,Northamptonshire,Worcestershire,R Vasconcelos,GA Bartlett,TI Hinley,1,0,,,,,,,,,
1415115,2024,2024-08-04,"County Ground, Northampton",1,20.3,Northamptonshire,Worcestershire,GA Bartlett,R Vasconcelos,TI Hinley,0,0,,,,,,,,,
1415115,2024,2024-08-04,"County Ground, Northampton",1,20.4,Northamptonshire,Worcestershire,GA Bartlett,R Vasconcelos,TI Hinley,2,0,,,,,,,,,
1415115,2024,2024-08-04,"County Ground, Northampton",1,20.5,Northamptonshire,Worcestershire,GA Bartlett,R Vasconcelos,TI Hinley,0,0,,,,,,,,,
1415115,2024,2024-08-04,"County Ground, Northampton",1,20.6,Northamptonshire,Worcestershire,GA Bartlett,R Vasconcelos,TI Hinley,1,0,,,,,,,,,
1415115,2024,2024-08-04,"County Ground, Northampton",1,21.1,Northamptonshire,Worcestershire,GA Bartlett,R Vasconcelos,HM Khan,0,0,,,,,,,,,
1415115,2024,2024-08-04,"County Ground, Northampton",1,21.2,Northamptonshire,Worcestershire,GA Bartlett,R Vasconcelos,HM Khan,4,0,,,,,,,,,
1415115,2024,2024-08-04,"County Ground, Northampton",1,21.3,Northamptonshire,Worcestershire,GA Bartlett,R Vasconcelos,HM Khan,1,0,,,,,,,,,
1415115,2024,2024-08-04,"County Ground, Northampton",1,21.4,Northamptonshire,Worcestershire,R Vasconcelos,GA Bartlett,HM Khan,1,0,,,,,,,,,
1415115,2024,2024-08-04,"County Ground, Northampton",1,21.5,Northamptonshire,Worcestershire,GA Bartlett,R Vasconcelos,HM Khan,1,0,,,,,,,,,
1415115,2024,2024-08-04,"County Ground, Northampton",1,21.6,Northamptonshire,Worcestershire,R Vasconcelos,GA Bartlett,HM Khan,0,0,,,,,,,,,
1415115,2024,2024-08-04,"County Ground, Northampton",1,22.1,Northamptonshire,Worcestershire,GA Bartlett,R Vasconcelos,TI Hinley,1,0,,,,,,,,,
1415115,2024,2024-08-04,"County Ground, Northampton",1,22.2,Northamptonshire,Worcestershire,R Vasconcelos,GA Bartlett,TI Hinley,0,0,,,,,,,,,
1415115,2024,2024-08-04,"County Ground, Northampton",1,22.3,Northamptonshire,Worcestershire,R Vasconcelos,GA Bartlett,TI Hinley,2,0,,,,,,,,,
1415115,2024,2024-08-04,"County Ground, Northampton",1,22.4,Northamptonshire,Worcestershire,R Vasconcelos,GA Bartlett,TI Hinley,0,0,,,,,,,,,
1415115,2024,2024-08-04,"County Ground, Northampton",1,22.5,Northamptonshire,Worcestershire,R Vasconcelos,GA Bartlett,TI Hinley,0,0,,,,,,,,,
1415115,2024,2024-08-04,"County Ground, Northampton",1,22.6,Northamptonshire,Worcestershire,R Vasconcelos,GA Bartlett,TI Hinley,0,0,,,,,,,,,
1415115,2024,2024-08-04,"County Ground, Northampton",1,23.1,Northamptonshire,Worcestershire,GA Bartlett,R Vasconcelos,F Singh,0,0,,,,,,,,,
1415115,2024,2024-08-04,"County Ground, Northampton",1,23.2,Northamptonshire,Worcestershire,GA Bartlett,R Vasconcelos,F Singh,4,0,,,,,,,,,
1415115,2024,2024-08-04,"County Ground, Northampton",1,23.3,Northamptonshire,Worcestershire,GA Bartlett,R Vasconcelos,F Singh,0,0,,,,,,,,,
1415115,2024,2024-08-04,"County Ground, Northampton",1,23.4,Northamptonshire,Worcestershire,GA Bartlett,R Vasconcelos,F Singh,1,0,,,,,,,,,
1415115,2024,2024-08-04,"County Ground, Northampton",1,23.5,Northamptonshire,Worcestershire,R Vasconcelos,GA Bartlett,F Singh,0,0,,,,,,,,,
1415115,2024,2024-08-04,"County Ground, Northampton",1,23.6,Northamptonshire,Worcestershire,R Vasconcelos,GA Bartlett,F Singh,1,0,,,,,,,,,
1415115,2024,2024-08-04,"County Ground, Northampton",1,24.1,Northamptonshire,Worcestershire,R Vasconcelos,GA Bartlett,TI Hinley,0,0,,,,,,,,,
1415115,2024,2024-08-04,"County Ground, Northampton",1,24.2,Northamptonshire,Worcestershire,R Vasconcelos,GA Bartlett,TI Hinley,0,0,,,,,,,,,
1415115,2024,2024-08-04,"County Ground, Northampton",1,24.3,Northamptonshire,Worcestershire,R Vasconcelos,GA Bartlett,TI Hinley,1,0,,,,,,,,,
1415115,2024,2024-08-04,"County Ground, Northampton",1,24.4,Northamptonshire,Worcestershire,GA Bartlett,R Vasconcelos,TI Hinley,0,0,,,,,,,,,
1415115,2024,2024-08-04,"County Ground, Northampton",1,24.5,Northamptonshire,Worcestershire,GA Bartlett,R Vasconcelos,TI Hinley,0,0,,,,,,,,,
1415115,2024,2024-08-04,"County Ground, Northampton",1,24.6,Northamptonshire,Worcestershire,GA Bartlett,R Vasconcelos,TI Hinley,4,0,,,,,,,,,
1415115,2024,2024-08-04,"County Ground, Northampton",1,25.1,Northamptonshire,Worcestershire,R Vasconcelos,GA Bartlett,F Singh,0,0,,,,,,,,,
1415115,2024,2024-08-04,"County Ground, Northampton",1,25.2,Northamptonshire,Worcestershire,R Vasconcelos,GA Bartlett,F Singh,4,0,,,,,,,,,
1415115,2024,2024-08-04,"County Ground, Northampton",1,25.3,Northamptonshire,Worcestershire,R Vasconcelos,GA Bartlett,F Singh,4,0,,,,,,,,,
1415115,2024,2024-08-04,"County Ground, Northampton",1,25.4,Northamptonshire,Worcestershire,R Vasconcelos,GA Bartlett,F Singh,1,0,,,,,,,,,
1415115,2024,2024-08-04,"County Ground, Northampton",1,25.5,Northamptonshire,Worcestershire,GA Bartlett,R Vasconcelos,F Singh,1,0,,,,,,,,,
1415115,2024,2024-08-04,"County Ground, Northampton",1,25.6,Northamptonshire,Worcestershire,R Vasconcelos,GA Bartlett,F Singh,0,0,,,,,,,,,
1415115,2024,2024-08-04,"County Ground, Northampton",1,26.1,Northamptonshire,Worcestershire,GA Bartlett,R Vasconcelos,TI Hinley,4,0,,,,,,,,,
1415115,2024,2024-08-04,"County Ground, Northampton",1,26.2,Northamptonshire,Worcestershire,GA Bartlett,R Vasconcelos,TI Hinley,0,0,,,,,,,,,
1415115,2024,2024-08-04,"County Ground, Northampton",1,26.3,Northamptonshire,Worcestershire,GA Bartlett,R Vasconcelos,TI Hinley,1,0,,,,,,,,,
1415115,2024,2024-08-04,"County Ground, Northampton",1,26.4,Northamptonshire,Worcestershire,R Vasconcelos,GA Bartlett,TI Hinley,1,0,,,,,,,,,
1415115,2024,2024-08-04,"County Ground, Northampton",1,26.5,Northamptonshire,Worcestershire,GA Bartlett,R Vasconcelos,TI Hinley,1,0,,,,,,,,,
1415115,2024,2024-08-04,"County Ground, Northampton",1,26.6,Northamptonshire,Worcestershire,R Vasconcelos,GA Bartlett,TI Hinley,0,0,,,,,,,,,
1415115,2024,2024-08-04,"County Ground, Northampton",1,27.1,Northamptonshire,Worcestershire,GA Bartlett,R Vasconcelos,F Singh,0,0,,,,,,,,,
1415115,2024,2024-08-04,"County Ground, Northampton",1,27.2,Northamptonshire,Worcestershire,GA Bartlett,R Vasconcelos,F Singh,0,0,,,,,,,,,
1415115,2024,2024-08-04,"County Ground, Northampton",1,27.3,Northamptonshire,Worcestershire,GA Bartlett,R Vasconcelos,F Singh,0,0,,,,,,,,,
1415115,2024,2024-08-04,"County Ground, Northampton",1,27.4,Northamptonshire,Worcestershire,GA Bartlett,R Vasconcelos,F Singh,1,0,,,,,,,,,
1415115,2024,2024-08-04,"County Ground, Northampton",1,27.5,Northamptonshire,Worcestershire,R Vasconcelos,GA Bartlett,F Singh,1,0,,,,,,,,,
1415115,2024,2024-08-04,"County Ground, Northampton",1,27.6,Northamptonshire,Worcestershire,GA Bartlett,R Vasconcelos,F Singh,0,0,,,,,,,,,
1415115,2024,2024-08-04,"County Ground, Northampton",1,28.1,Northamptonshire,Worcestershire,R Vasconcelos,GA Bartlett,TAI Taylor,0,0,,,,,,,,,
1415115,2024,2024-08-04,"County Ground, Northampton",1,28.2,Northamptonshire,Worcestershire,R Vasconcelos,GA Bartlett,TAI Taylor,1,0,,,,,,,,,
1415115,2024,2024-08-04,"County Ground, Northampton",1,28.3,Northamptonshire,Worcestershire,GA Bartlett,R Vasconcelos,TAI Taylor,0,0,,,,,,,,,
1415115,2024,2024-08-04,"County Ground, Northampton",1,28.4,Northamptonshire,Worcestershire,GA Bartlett,R Vasconcelos,TAI Taylor,1,0,,,,,,,,,
1415115,2024,2024-08-04,"County Ground, Northampton",1,28.5,Northamptonshire,Worcestershire,R Vasconcelos,GA Bartlett,TAI Taylor,0,0,,,,,,,,,
1415115,2024,2024-08-04,"County Ground, Northampton",1,28.6,Northamptonshire,Worcestershire,R Vasconcelos,GA Bartlett,TAI Taylor,0,0,,,,,,,,,
1415115,2024,2024-08-04,"County Ground, Northampton",1,29.1,Northamptonshire,Worcestershire,GA Bartlett,R Vasconcelos,F Singh,1,0,,,,,,,,,
1415115,2024,2024-08-04,"County Ground, Northampton",1,29.2,Northamptonshire,Worcestershire,R Vasconcelos,GA Bartlett,F Singh,1,0,,,,,,,,,
1415115,2024,2024-08-04,"County Ground, Northampton",1,29.3,Northamptonshire,Worcestershire,GA Bartlett,R Vasconcelos,F Singh,1,0,,,,,,,,,
1415115,2024,2024-08-04,"County Ground, Northampton",1,29.4,Northamptonshire,Worcestershire,R Vasconcelos,GA Bartlett,F Singh,2,0,,,,,,,,,
1415115,2024,2024-08-04,"County Ground, Northampton",1,29.5,Northamptonshire,Worcestershire,R Vasconcelos,GA Bartlett,F Singh,0,0,,,,,,,,,
1415115,2024,2024-08-04,"County Ground, Northampton",1,29.6,Northamptonshire,Worcestershire,R Vasconcelos,GA Bartlett,F Singh,0,0,,,,,,,,,
1415115,2024,2024-08-04,"County Ground, Northampton",1,30.1,Northamptonshire,Worcestershire,GA Bartlett,R Vasconcelos,TAI Taylor,1,0,,,,,,,,,
1415115,2024,2024-08-04,"County Ground, Northampton",1,30.2,Northamptonshire,Worcestershire,R Vasconcelos,GA Bartlett,TAI Taylor,1,0,,,,,,,,,
1415115,2024,2024-08-04,"County Ground, Northampton",1,30.3,Northamptonshire,Worcestershire,GA Bartlett,R Vasconcelos,TAI Taylor,1,0,,,,,,,,,
1415115,2024,2024-08-04,"County Ground, Northampton",1,30.4,Northamptonshire,Worcestershire,R Vasconcelos,GA Bartlett,TAI Taylor,0,0,,,,,,,,,
1415115,2024,2024-08-04,"County Ground, Northampton",1,30.5,Northamptonshire,Worcestershire,R Vasconcelos,GA Bartlett,TAI Taylor,1,0,,,,,,,,,
1415115,2024,2024-08-04,"County Ground, Northampton",1,30.6,Northamptonshire,Worcestershire,GA Bartlett,R Vasconcelos,TAI Taylor,1,0,,,,,,,,,
1415115,2024,2024-08-04,"County Ground, Northampton",1,31.1,Northamptonshire,Worcestershire,GA Bartlett,R Vasconcelos,F Singh,0,0,,,,,,,,,
1415115,2024,2024-08-04,"County Ground, Northampton",1,31.2,Northamptonshire,Worcestershire,GA Bartlett,R Vasconcelos,F Singh,1,0,,,,,,,,,
1415115,2024,2024-08-04,"County Ground, Northampton",1,31.3,Northamptonshire,Worcestershire,R Vasconcelos,GA Bartlett,F Singh,1,0,,,,,,,,,
1415115,2024,2024-08-04,"County Ground, Northampton",1,31.4,Northamptonshire,Worcestershire,GA Bartlett,R Vasconcelos,F Singh,2,0,,,,,,,,,
1415115,2024,2024-08-04,"County Ground, Northampton",1,31.5,Northamptonshire,Worcestershire,GA Bartlett,R Vasconcelos,F Singh,4,0,,,,,,,,,
1415115,2024,2024-08-04,"County Ground, Northampton",1,31.6,Northamptonshire,Worcestershire,GA Bartlett,R Vasconcelos,F Singh,0,0,,,,,,,,,
1415115,2024,2024-08-04,"County Ground, Northampton",1,32.1,Northamptonshire,Worcestershire,R Vasconcelos,GA Bartlett,TAI Taylor,0,0,,,,,,,,,
1415115,2024,2024-08-04,"County Ground, Northampton",1,32.2,Northamptonshire,Worcestershire,R Vasconcelos,GA Bartlett,TAI Taylor,0,1,,,,1,,,,,
1415115,2024,2024-08-04,"County Ground, Northampton",1,32.3,Northamptonshire,Worcestershire,GA Bartlett,R Vasconcelos,TAI Taylor,1,0,,,,,,,,,
1415115,2024,2024-08-04,"County Ground, Northampton",1,32.4,Northamptonshire,Worcestershire,R Vasconcelos,GA Bartlett,TAI Taylor,0,0,,,,,,,,,
1415115,2024,2024-08-04,"County Ground, Northampton",1,32.5,Northamptonshire,Worcestershire,R Vasconcelos,GA Bartlett,TAI Taylor,0,0,,,,,,,,,
1415115,2024,2024-08-04,"County Ground, Northampton",1,32.6,Northamptonshire,Worcestershire,R Vasconcelos,GA Bartlett,TAI Taylor,1,0,,,,,,,,,
1415115,2024,2024-08-04,"County Ground, Northampton",1,33.1,Northamptonshire,Worcestershire,R Vasconcelos,GA Bartlett,TI Hinley,1,0,,,,,,,,,
1415115,2024,2024-08-04,"County Ground, Northampton",1,33.2,Northamptonshire,Worcestershire,GA Bartlett,R Vasconcelos,TI Hinley,1,0,,,,,,,,,
1415115,2024,2024-08-04,"County Ground, Northampton",1,33.3,Northamptonshire,Worcestershire,R Vasconcelos,GA Bartlett,TI Hinley,1,0,,,,,,,,,
1415115,2024,2024-08-04,"County Ground, Northampton",1,33.4,Northamptonshire,Worcestershire,GA Bartlett,R Vasconcelos,TI Hinley,1,0,,,,,,,,,
1415115,2024,2024-08-04,"County Ground, Northampton",1,33.5,Northamptonshire,Worcestershire,R Vasconcelos,GA Bartlett,TI Hinley,4,0,,,,,,,,,
1415115,2024,2024-08-04,"County Ground, Northampton",1,33.6,Northamptonshire,Worcestershire,R Vasconcelos,GA Bartlett,TI Hinley,1,0,,,,,,,,,
1415115,2024,2024-08-04,"County Ground, Northampton",1,34.1,Northamptonshire,Worcestershire,R Vasconcelos,GA Bartlett,EA Brookes,1,0,,,,,,,,,
1415115,2024,2024-08-04,"County Ground, Northampton",1,34.2,Northamptonshire,Worcestershire,GA Bartlett,R Vasconcelos,EA Brookes,0,0,,,,,,,,,
1415115,2024,2024-08-04,"County Ground, Northampton",1,34.3,Northamptonshire,Worcestershire,GA Bartlett,R Vasconcelos,EA Brookes,1,0,,,,,,,,,
1415115,2024,2024-08-04,"County Ground, Northampton",1,34.4,Northamptonshire,Worcestershire,R Vasconcelos,GA Bartlett,EA Brookes,1,0,,,,,,,,,
1415115,2024,2024-08-04,"County Ground, Northampton",1,34.5,Northamptonshire,Worcestershire,GA Bartlett,R Vasconcelos,EA Brookes,0,0,,,,,,,,,
1415115,2024,2024-08-04,"County Ground, Northampton",1,34.6,Northamptonshire,Worcestershire,GA Bartlett,R Vasconcelos,EA Brookes,1,0,,,,,,,,,
1415115,2024,2024-08-04,"County Ground, Northampton",1,35.1,Northamptonshire,Worcestershire,GA Bartlett,R Vasconcelos,TI Hinley,1,0,,,,,,,,,
1415115,2024,2024-08-04,"County Ground, Northampton",1,35.2,Northamptonshire,Worcestershire,R Vasconcelos,GA Bartlett,TI Hinley,1,0,,,,,,,,,
1415115,2024,2024-08-04,"County Ground, Northampton",1,35.3,Northamptonshire,Worcestershire,GA Bartlett,R Vasconcelos,TI Hinley,0,0,,,,,,,,,
1415115,2024,2024-08-04,"County Ground, Northampton",1,35.4,Northamptonshire,Worcestershire,GA Bartlett,R Vasconcelos,TI Hinley,0,0,,,,,,,,,
1415115,2024,2024-08-04,"County Ground, Northampton",1,35.5,Northamptonshire,Worcestershire,GA Bartlett,R Vasconcelos,TI Hinley,1,0,,,,,,,,,
1415115,2024,2024-08-04,"County Ground, Northampton",1,35.6,Northamptonshire,Worcestershire,R Vasconcelos,GA Bartlett,TI Hinley,0,0,,,,,,,,,
1415115,2024,2024-08-04,"County Ground, Northampton",1,36.1,Northamptonshire,Worcestershire,GA Bartlett,R Vasconcelos,EA Brookes,2,0,,,,,,,,,
1415115,2024,2024-08-04,"County Ground, Northampton",1,36.2,Northamptonshire,Worcestershire,GA Bartlett,R Vasconcelos,EA Brookes,0,0,,,,,,,,,
1415115,2024,2024-08-04,"County Ground, Northampton",1,36.3,Northamptonshire,Worcestershire,GA Bartlett,R Vasconcelos,EA Brookes,2,0,,,,,,,,,
1415115,2024,2024-08-04,"County Ground, Northampton",1,36.4,Northamptonshire,Worcestershire,GA Bartlett,R Vasconcelos,EA Brookes,0,0,,,,,,,,,
1415115,2024,2024-08-04,"County Ground, Northampton",1,36.5,Northamptonshire,Worcestershire,GA Bartlett,R Vasconcelos,EA Brookes,0,0,,,,,,,,,
1415115,2024,2024-08-04,"County Ground, Northampton",1,36.6,Northamptonshire,Worcestershire,GA Bartlett,R Vasconcelos,EA Brookes,1,0,,,,,,,,,
1415115,2024,2024-08-04,"County Ground, Northampton",1,37.1,Northamptonshire,Worcestershire,GA Bartlett,R Vasconcelos,TI Hinley,1,0,,,,,,,,,
1415115,2024,2024-08-04,"County Ground, Northampton",1,37.2,Northamptonshire,Worcestershire,R Vasconcelos,GA Bartlett,TI Hinley,4,0,,,,,,,,,
1415115,2024,2024-08-04,"County Ground, Northampton",1,37.3,Northamptonshire,Worcestershire,R Vasconcelos,GA Bartlett,TI Hinley,1,0,,,,,,,,,
1415115,2024,2024-08-04,"County Ground, Northampton",1,37.4,Northamptonshire,Worcestershire,GA Bartlett,R Vasconcelos,TI Hinley,0,0,,,,,,,,,
1415115,2024,2024-08-04,"County Ground, Northampton",1,37.5,Northamptonshire,Worcestershire,GA Bartlett,R Vasconcelos,TI Hinley,4,0,,,,,,,,,
1415115,2024,2024-08-04,"County Ground, Northampton",1,37.6,Northamptonshire,Worcestershire,GA Bartlett,R Vasconcelos,TI Hinley,1,0,,,,,,,,,
1415115,2024,2024-08-04,"County Ground, Northampton",1,38.1,Northamptonshire,Worcestershire,GA Bartlett,R Vasconcelos,EA Brookes,0,0,,,,,,,,,
1415115,2024,2024-08-04,"County Ground, Northampton",1,38.2,Northamptonshire,Worcestershire,GA Bartlett,R Vasconcelos,EA Brookes,1,0,,,,,,,,,
1415115,2024,2024-08-04,"County Ground, Northampton",1,38.3,Northamptonshire,Worcestershire,R Vasconcelos,GA Bartlett,EA Brookes,0,0,,,,,,,,,
1415115,2024,2024-08-04,"County Ground, Northampton",1,38.4,Northamptonshire,Worcestershire,R Vasconcelos,GA Bartlett,EA Brookes,1,0,,,,,,,,,
1415115,2024,2024-08-04,"County Ground, Northampton",1,38.5,Northamptonshire,Worcestershire,GA Bartlett,R Vasconcelos,EA Brookes,0,1,,,,1,,,,,
1415115,2024,2024-08-04,"County Ground, Northampton",1,38.6,Northamptonshire,Worcestershire,R Vasconcelos,GA Bartlett,EA Brookes,0,0,,,,,,,,,
1415115,2024,2024-08-04,"County Ground, Northampton",1,39.1,Northamptonshire,Worcestershire,GA Bartlett,R Vasconcelos,F Singh,0,0,,,,,,caught,GA Bartlett,,
1415115,2024,2024-08-04,"County Ground, Northampton",1,39.2,Northamptonshire,Worcestershire,JJG Sales,R Vasconcelos,F Singh,0,0,,,,,,,,,
1415115,2024,2024-08-04,"County Ground, Northampton",1,39.3,Northamptonshire,Worcestershire,JJG Sales,R Vasconcelos,F Singh,0,0,,,,,,,,,
1415115,2024,2024-08-04,"County Ground, Northampton",1,39.4,Northamptonshire,Worcestershire,JJG Sales,R Vasconcelos,F Singh,0,0,,,,,,,,,
1415115,2024,2024-08-04,"County Ground, Northampton",1,39.5,Northamptonshire,Worcestershire,JJG Sales,R Vasconcelos,F Singh,0,0,,,,,,,,,
1415115,2024,2024-08-04,"County Ground, Northampton",1,39.6,Northamptonshire,Worcestershire,JJG Sales,R Vasconcelos,F Singh,0,0,,,,,,,,,
1415115,2024,2024-08-04,"County Ground, Northampton",1,40.1,Northamptonshire,Worcestershire,R Vasconcelos,JJG Sales,JD Libby,0,0,,,,,,bowled,R Vasconcelos,,
1415115,2024,2024-08-04,"County Ground, Northampton",1,40.2,Northamptonshire,Worcestershire,SA Zaib,JJG Sales,JD Libby,4,0,,,,,,,,,
1415115,2024,2024-08-04,"County Ground, Northampton",1,40.3,Northamptonshire,Worcestershire,SA Zaib,JJG Sales,JD Libby,4,0,,,,,,,,,
1415115,2024,2024-08-04,"County Ground, Northampton",1,40.4,Northamptonshire,Worcestershire,SA Zaib,JJG Sales,JD Libby,0,0,,,,,,,,,
1415115,2024,2024-08-04,"County Ground, Northampton",1,40.5,Northamptonshire,Worcestershire,SA Zaib,JJG Sales,JD Libby,1,0,,,,,,,,,
1415115,2024,2024-08-04,"County Ground, Northampton",1,40.6,Northamptonshire,Worcestershire,JJG Sales,SA Zaib,JD Libby,0,1,,,,1,,,,,
1415115,2024,2024-08-04,"County Ground, Northampton",1,41.1,Northamptonshire,Worcestershire,JJG Sales,SA Zaib,F Singh,0,0,,,,,,,,,
1415115,2024,2024-08-04,"County Ground, Northampton",1,41.2,Northamptonshire,Worcestershire,JJG Sales,SA Zaib,F Singh,1,0,,,,,,,,,
1415115,2024,2024-08-04,"County Ground, Northampton",1,41.3,Northamptonshire,Worcestershire,SA Zaib,JJG Sales,F Singh,1,0,,,,,,,,,
1415115,2024,2024-08-04,"County Ground, Northampton",1,41.4,Northamptonshire,Worcestershire,JJG Sales,SA Zaib,F Singh,1,0,,,,,,,,,
1415115,2024,2024-08-04,"County Ground, Northampton",1,41.5,Northamptonshire,Worcestershire,SA Zaib,JJG Sales,F Singh,1,0,,,,,,,,,
1415115,2024,2024-08-04,"County Ground, Northampton",1,41.6,Northamptonshire,Worcestershire,JJG Sales,SA Zaib,F Singh,0,0,,,,,,,,,
1415115,2024,2024-08-04,"County Ground, Northampton",1,42.1,Northamptonshire,Worcestershire,SA Zaib,JJG Sales,EA Brookes,0,0,,,,,,,,,
1415115,2024,2024-08-04,"County Ground, Northampton",1,42.2,Northamptonshire,Worcestershire,SA Zaib,JJG Sales,EA Brookes,0,0,,,,,,,,,
1415115,2024,2024-08-04,"County Ground, Northampton",1,42.3,Northamptonshire,Worcestershire,SA Zaib,JJG Sales,EA Brookes,4,0,,,,,,,,,
1415115,2024,2024-08-04,"County Ground, Northampton",1,42.4,Northamptonshire,Worcestershire,SA Zaib,JJG Sales,EA Brookes,1,0,,,,,,,,,
1415115,2024,2024-08-04,"County Ground, Northampton",1,42.5,Northamptonshire,Worcestershire,JJG Sales,SA Zaib,EA Brookes,1,0,,,,,,,,,
1415115,2024,2024-08-04,"County Ground, Northampton",1,42.6,Northamptonshire,Worcestershire,SA Zaib,JJG Sales,EA Brookes,0,0,,,,,,,,,
1415115,2024,2024-08-04,"County Ground, Northampton",1,43.1,Northamptonshire,Worcestershire,JJG Sales,SA Zaib,F Singh,1,0,,,,,,,,,
1415115,2024,2024-08-04,"County Ground, Northampton",1,43.2,Northamptonshire,Worcestershire,SA Zaib,JJG Sales,F Singh,4,0,,,,,,,,,
1415115,2024,2024-08-04,"County Ground, Northampton",1,43.3,Northamptonshire,Worcestershire,SA Zaib,JJG Sales,F Singh,0,0,,,,,,,,,
1415115,2024,2024-08-04,"County Ground, Northampton",1,43.4,Northamptonshire,Worcestershire,SA Zaib,JJG Sales,F Singh,2,0,,,,,,,,,
1415115,2024,2024-08-04,"County Ground, Northampton",1,43.5,Northamptonshire,Worcestershire,SA Zaib,JJG Sales,F Singh,1,0,,,,,,,,,
1415115,2024,2024-08-04,"County Ground, Northampton",1,43.6,Northamptonshire,Worcestershire,JJG Sales,SA Zaib,F Singh,1,0,,,,,,,,,
1415115,2024,2024-08-04,"County Ground, Northampton",1,44.1,Northamptonshire,Worcestershire,JJG Sales,SA Zaib,EA Brookes,2,0,,,,,,,,,
1415115,2024,2024-08-04,"County Ground, Northampton",1,44.2,Northamptonshire,Worcestershire,JJG Sales,SA Zaib,EA Brookes,0,0,,,,,,,,,
1415115,2024,2024-08-04,"County Ground, Northampton",1,44.3,Northamptonshire,Worcestershire,JJG Sales,SA Zaib,EA Brookes,1,0,,,,,,,,,
1415115,2024,2024-08-04,"County Ground, Northampton",1,44.4,Northamptonshire,Worcestershire,SA Zaib,JJG Sales,EA Brookes,0,1,,,1,,,,,,
1415115,2024,2024-08-04,"County Ground, Northampton",1,44.5,Northamptonshire,Worcestershire,JJG Sales,SA Zaib,EA Brookes,1,0,,,,,,,,,
1415115,2024,2024-08-04,"County Ground, Northampton",1,44.6,Northamptonshire,Worcestershire,SA Zaib,JJG Sales,EA Brookes,1,0,,,,,,,,,
1415115,2024,2024-08-04,"County Ground, Northampton",1,45.1,Northamptonshire,Worcestershire,SA Zaib,JJG Sales,F Singh,0,1,,,,1,,,,,
1415115,2024,2024-08-04,"County Ground, Northampton",1,45.2,Northamptonshire,Worcestershire,JJG Sales,SA Zaib,F Singh,1,0,,,,,,,,,
1415115,2024,2024-08-04,"County Ground, Northampton",1,45.3,Northamptonshire,Worcestershire,SA Zaib,JJG Sales,F Singh,0,0,,,,,,,,,
1415115,2024,2024-08-04,"County Ground, Northampton",1,45.4,Northamptonshire,Worcestershire,SA Zaib,JJG Sales,F Singh,1,0,,,,,,,,,
1415115,2024,2024-08-04,"County Ground, Northampton",1,45.5,Northamptonshire,Worcestershire,JJG Sales,SA Zaib,F Singh,0,0,,,,,,bowled,JJG Sales,,
1415115,2024,2024-08-04,"County Ground, Northampton",1,45.6,Northamptonshire,Worcestershire,LD McManus,SA Zaib,F Singh,1,0,,,,,,,,,
1415115,2024,2024-08-04,"County Ground, Northampton",1,46.1,Northamptonshire,Worcestershire,LD McManus,SA Zaib,TAI Taylor,4,0,,,,,,,,,
1415115,2024,2024-08-04,"County Ground, Northampton",1,46.2,Northamptonshire,Worcestershire,LD McManus,SA Zaib,TAI Taylor,2,0,,,,,,,,,
1415115,2024,2024-08-04,"County Ground, Northampton",1,46.3,Northamptonshire,Worcestershire,LD McManus,SA Zaib,TAI Taylor,1,0,,,,,,,,,
1415115,2024,2024-08-04,"County Ground, Northampton",1,46.4,Northamptonshire,Worcestershire,SA Zaib,LD McManus,TAI Taylor,0,0,,,,,,,,,
1415115,2024,2024-08-04,"County Ground, Northampton",1,46.5,Northamptonshire,Worcestershire,SA Zaib,LD McManus,TAI Taylor,1,0,,,,,,,,,
1415115,2024,2024-08-04,"County Ground, Northampton",1,46.6,Northamptonshire,Worcestershire,LD McManus,SA Zaib,TAI Taylor,0,1,1,,,,,,,,
1415115,2024,2024-08-04,"County Ground, Northampton",1,46.7,Northamptonshire,Worcestershire,LD McManus,SA Zaib,TAI Taylor,2,0,,,,,,,,,
1415115,2024,2024-08-04,"County Ground, Northampton",1,47.1,Northamptonshire,Worcestershire,SA Zaib,LD McManus,F Singh,0,0,,,,,,caught,SA Zaib,,
1415115,2024,2024-08-04,"County Ground, Northampton",1,47.2,Northamptonshire,Worcestershire,AH Miller,LD McManus,F Singh,1,0,,,,,,,,,
1415115,2024,2024-08-04,"County Ground, Northampton",1,47.3,Northamptonshire,Worcestershire,LD McManus,AH Miller,F Singh,0,1,,,,1,,,,,
1415115,2024,2024-08-04,"County Ground, Northampton",1,47.4,Northamptonshire,Worcestershire,AH Miller,LD McManus,F Singh,1,0,,,,,,,,,
1415115,2024,2024-08-04,"County Ground, Northampton",1,47.5,Northamptonshire,Worcestershire,LD McManus,AH Miller,F Singh,1,0,,,,,,,,,
1415115,2024,2024-08-04,"County Ground, Northampton",1,47.6,Northamptonshire,Worcestershire,AH Miller,LD McManus,F Singh,1,0,,,,,,,,,
1415115,2024,2024-08-04,"County Ground, Northampton",1,48.1,Northamptonshire,Worcestershire,AH Miller,LD McManus,TAI Taylor,4,0,,,,,,,,,
1415115,2024,2024-08-04,"County Ground, Northampton",1,48.2,Northamptonshire,Worcestershire,AH Miller,LD McManus,TAI Taylor,1,0,,,,,,,,,
1415115,2024,2024-08-04,"County Ground, Northampton",1,48.3,Northamptonshire,Worcestershire,LD McManus,AH Miller,TAI Taylor,0,0,,,,,,,,,
1415115,2024,2024-08-04,"County Ground, Northampton",1,48.4,Northamptonshire,Worcestershire,LD McManus,AH Miller,TAI Taylor,0,0,,,,,,caught,LD McManus,,
1415115,2024,2024-08-04,"County Ground, Northampton",1,48.5,Northamptonshire,Worcestershire,J Broad,AH Miller,TAI Taylor,1,0,,,,,,,,,
1415115,2024,2024-08-04,"County Ground, Northampton",1,48.6,Northamptonshire,Worcestershire,AH Miller,J Broad,TAI Taylor,6,0,,,,,,,,,
1415115,2024,2024-08-04,"County Ground, Northampton",1,49.1,Northamptonshire,Worcestershire,J Broad,AH Miller,HM Khan,1,0,,,,,,,,,
1415115,2024,2024-08-04,"County Ground, Northampton",1,49.2,Northamptonshire,Worcestershire,AH Miller,J Broad,HM Khan,4,0,,,,,,,,,
1415115,2024,2024-08-04,"County Ground, Northampton",1,49.3,Northamptonshire,Worcestershire,AH Miller,J Broad,HM Khan,1,0,,,,,,,,,
1415115,2024,2024-08-04,"County Ground, Northampton",1,49.4,Northamptonshire,Worcestershire,J Broad,AH Miller,HM Khan,4,0,,,,,,,,,
1415115,2024,2024-08-04,"County Ground, Northampton",1,49.5,Northamptonshire,Worcestershire,J Broad,AH Miller,HM Khan,1,0,,,,,,,,,
1415115,2024,2024-08-04,"County Ground, Northampton",1,49.6,Northamptonshire,Worcestershire,AH Miller,J Broad,HM Khan,2,0,,,,,,,,,
1415115,2024,2024-08-04,"County Ground, Northampton",2,0.1,Worcestershire,Northamptonshire,GH Roderick,EJ Pollock,BW Sanderson,0,0,,,,,,,,,
1415115,2024,2024-08-04,"County Ground, Northampton",2,0.2,Worcestershire,Northamptonshire,GH Roderick,EJ Pollock,BW Sanderson,0,0,,,,,,,,,
1415115,2024,2024-08-04,"County Ground, Northampton",2,0.3,Worcestershire,Northamptonshire,GH Roderick,EJ Pollock,BW Sanderson,1,0,,,,,,,,,
1415115,2024,2024-08-04,"County Ground, Northampton",2,0.4,Worcestershire,Northamptonshire,EJ Pollock,GH Roderick,BW Sanderson,0,0,,,,,,,,,
1415115,2024,2024-08-04,"County Ground, Northampton",2,0.5,Worcestershire,Northamptonshire,EJ Pollock,GH Roderick,BW Sanderson,1,0,,,,,,,,,
1415115,2024,2024-08-04,"County Ground, Northampton",2,0.6,Worcestershire,Northamptonshire,GH Roderick,EJ Pollock,BW Sanderson,0,0,,,,,,,,,
1415115,2024,2024-08-04,"County Ground, Northampton",2,1.1,Worcestershire,Northamptonshire,EJ Pollock,GH Roderick,CJ White,0,0,,,,,,,,,
1415115,2024,2024-08-04,"County Ground, Northampton",2,1.2,Worcestershire,Northamptonshire,EJ Pollock,GH Roderick,CJ White,6,0,,,,,,,,,
1415115,2024,2024-08-04,"County Ground, Northampton",2,1.3,Worcestershire,Northamptonshire,EJ Pollock,GH Roderick,CJ White,0,0,,,,,,,,,
1415115,2024,2024-08-04,"County Ground, Northampton",2,1.4,Worcestershire,Northamptonshire,EJ Pollock,GH Roderick,CJ White,0,0,,,,,,,,,
1415115,2024,2024-08-04,"County Ground, Northampton",2,1.5,Worcestershire,Northamptonshire,EJ Pollock,GH Roderick,CJ White,1,0,,,,,,,,,
1415115,2024,2024-08-04,"County Ground, Northampton",2,1.6,Worcestershire,Northamptonshire,GH Roderick,EJ Pollock,CJ White,0,0,,,,,,caught,GH Roderick,,
1415115,2024,2024-08-04,"County Ground, Northampton",2,2.1,Worcestershire,Northamptonshire,EJ Pollock,RP Jones,BW Sanderson,0,0,,,,,,,,,
1415115,2024,2024-08-04,"County Ground, Northampton",2,2.2,Worcestershire,Northamptonshire,EJ Pollock,RP Jones,BW Sanderson,0,0,,,,,,,,,
1415115,2024,2024-08-04,"County Ground, Northampton",2,2.3,Worcestershire,Northamptonshire,EJ Pollock,RP Jones,BW Sanderson,0,0,,,,,,,,,
1415115,2024,2024-08-04,"County Ground, Northampton",2,2.4,Worcestershire,Northamptonshire,EJ Pollock,RP Jones,BW Sanderson,0,0,,,,,,,,,
1415115,2024,2024-08-04,"County Ground, Northampton",2,2.5,Worcestershire,Northamptonshire,EJ Pollock,RP Jones,BW Sanderson,0,0,,,,,,,,,
1415115,2024,2024-08-04,"County Ground, Northampton",2,2.6,Worcestershire,Northamptonshire,EJ Pollock,RP Jones,BW Sanderson,0,0,,,,,,,,,
1415115,2024,2024-08-04,"County Ground, Northampton",2,3.1,Worcestershire,Northamptonshire,RP Jones,EJ Pollock,CJ White,0,5,5,,,,,,,,
1415115,2024,2024-08-04,"County Ground, Northampton",2,3.2,Worcestershire,Northamptonshire,RP Jones,EJ Pollock,CJ White,0,0,,,,,,,,,
1415115,2024,2024-08-04,"County Ground, Northampton",2,3.3,Worcestershire,Northamptonshire,RP Jones,EJ Pollock,CJ White,0,0,,,,,,,,,
1415115,2024,2024-08-04,"County Ground, Northampton",2,3.4,Worcestershire,Northamptonshire,RP Jones,EJ Pollock,CJ White,0,0,,,,,,,,,
1415115,2024,2024-08-04,"County Ground, Northampton",2,3.5,Worcestershire,Northamptonshire,RP Jones,EJ Pollock,CJ White,0,0,,,,,,,,,
1415115,2024,2024-08-04,"County Ground, Northampton",2,3.6,Worcestershire,Northamptonshire,RP Jones,EJ Pollock,CJ White,2,0,,,,,,,,,
1415115,2024,2024-08-04,"County Ground, Northampton",2,3.7,Worcestershire,Northamptonshire,RP Jones,EJ Pollock,CJ White,0,0,,,,,,,,,
1415115,2024,2024-08-04,"County Ground, Northampton",2,4.1,Worcestershire,Northamptonshire,EJ Pollock,RP Jones,BW Sanderson,1,0,,,,,,,,,
1415115,2024,2024-08-04,"County Ground, Northampton",2,4.2,Worcestershire,Northamptonshire,RP Jones,EJ Pollock,BW Sanderson,0,0,,,,,,,,,
1415115,2024,2024-08-04,"County Ground, Northampton",2,4.3,Worcestershire,Northamptonshire,RP Jones,EJ Pollock,BW Sanderson,0,0,,,,,,,,,
1415115,2024,2024-08-04,"County Ground, Northampton",2,4.4,Worcestershire,Northamptonshire,RP Jones,EJ Pollock,BW Sanderson,4,0,,,,,,,,,
1415115,2024,2024-08-04,"County Ground, Northampton",2,4.5,Worcestershire,Northamptonshire,RP Jones,EJ Pollock,BW Sanderson,0,0,,,,,,,,,
1415115,2024,2024-08-04,"County Ground, Northampton",2,4.6,Worcestershire,Northamptonshire,RP Jones,EJ Pollock,BW Sanderson,0,0,,,,,,,,,
1415115,2024,2024-08-04,"County Ground, Northampton",2,5.1,Worcestershire,Northamptonshire,EJ Pollock,RP Jones,CJ White,0,0,,,,,,,,,
1415115,2024,2024-08-04,"County Ground, Northampton",2,5.2,Worcestershire,Northamptonshire,EJ Pollock,RP Jones,CJ White,0,0,,,,,,,,,
1415115,2024,2024-08-04,"County Ground, Northampton",2,5.3,Worcestershire,Northamptonshire,EJ Pollock,RP Jones,CJ White,0,0,,,,,,,,,
1415115,2024,2024-08-04,"County Ground, Northampton",2,5.4,Worcestershire,Northamptonshire,EJ Pollock,RP Jones,CJ White,0,0,,,,,,,,,
1415115,2024,2024-08-04,"County Ground, Northampton",2,5.5,Worcestershire,Northamptonshire,EJ Pollock,RP Jones,CJ White,0,0,,,,,,,,,
1415115,2024,2024-08-04,"County Ground, Northampton",2,5.6,Worcestershire,Northamptonshire,EJ Pollock,RP Jones,CJ White,0,0,,,,,,,,,
1415115,2024,2024-08-04,"County Ground, Northampton",2,6.1,Worcestershire,Northamptonshire,RP Jones,EJ Pollock,BW Sanderson,0,0,,,,,,,,,
1415115,2024,2024-08-04,"County Ground, Northampton",2,6.2,Worcestershire,Northamptonshire,RP Jones,EJ Pollock,BW Sanderson,0,0,,,,,,,,,
1415115,2024,2024-08-04,"County Ground, Northampton",2,6.3,Worcestershire,Northamptonshire,RP Jones,EJ Pollock,BW Sanderson,0,0,,,,,,,,,
1415115,2024,2024-08-04,"County Ground, Northampton",2,6.4,Worcestershire,Northamptonshire,RP Jones,EJ Pollock,BW Sanderson,0,0,,,,,,,,,
1415115,2024,2024-08-04,"County Ground, Northampton",2,6.5,Worcestershire,Northamptonshire,RP Jones,EJ Pollock,BW Sanderson,0,1,1,,,,,,,,
1415115,2024,2024-08-04,"County Ground, Northampton",2,6.6,Worcestershire,Northamptonshire,RP Jones,EJ Pollock,BW Sanderson,0,0,,,,,,,,,
1415115,2024,2024-08-04,"County Ground, Northampton",2,6.7,Worcestershire,Northamptonshire,RP Jones,EJ Pollock,BW Sanderson,0,0,,,,,,,,,
1415115,2024,2024-08-04,"County Ground, Northampton",2,7.1,Worcestershire,Northamptonshire,EJ Pollock,RP Jones,CJ White,0,0,,,,,,,,,
1415115,2024,2024-08-04,"County Ground, Northampton",2,7.2,Worcestershire,Northamptonshire,EJ Pollock,RP Jones,CJ White,0,0,,,,,,,,,
1415115,2024,2024-08-04,"County Ground, Northampton",2,7.3,Worcestershire,Northamptonshire,EJ Pollock,RP Jones,CJ White,0,0,,,,,,,,,
1415115,2024,2024-08-04,"County Ground, Northampton",2,7.4,Worcestershire,Northamptonshire,EJ Pollock,RP Jones,CJ White,0,0,,,,,,bowled,EJ Pollock,,
1415115,2024,2024-08-04,"County Ground, Northampton",2,7.5,Worcestershire,Northamptonshire,JD Libby,RP Jones,CJ White,0,0,,,,,,,,,
1415115,2024,2024-08-04,"County Ground, Northampton",2,7.6,Worcestershire,Northamptonshire,JD Libby,RP Jones,CJ White,0,0,,,,,,,,,
1415115,2024,2024-08-04,"County Ground, Northampton",2,8.1,Worcestershire,Northamptonshire,RP Jones,JD Libby,BW Sanderson,0,0,,,,,,caught,RP Jones,,
1415115,2024,2024-08-04,"County Ground, Northampton",2,8.2,Worcestershire,Northamptonshire,EA Brookes,JD Libby,BW Sanderson,0,0,,,,,,,,,
1415115,2024,2024-08-04,"County Ground, Northampton",2,8.3,Worcestershire,Northamptonshire,EA Brookes,JD Libby,BW Sanderson,0,0,,,,,,,,,
1415115,2024,2024-08-04,"County Ground, Northampton",2,8.4,Worcestershire,Northamptonshire,EA Brookes,JD Libby,BW Sanderson,1,0,,,,,,,,,
1415115,2024,2024-08-04,"County Ground, Northampton",2,8.5,Worcestershire,Northamptonshire,JD Libby,EA Brookes,BW Sanderson,0,0,,,,,,,,,
1415115,2024,2024-08-04,"County Ground, Northampton",2,8.6,Worcestershire,Northamptonshire,JD Libby,EA Brookes,BW Sanderson,0,0,,,,,,,,,
1415115,2024,2024-08-04,"County Ground, Northampton",2,9.1,Worcestershire,Northamptonshire,EA Brookes,JD Libby,CJ White,0,0,,,,,,,,,
1415115,2024,2024-08-04,"County Ground, Northampton",2,9.2,Worcestershire,Northamptonshire,EA Brookes,JD Libby,CJ White,0,0,,,,,,,,,
1415115,2024,2024-08-04,"County Ground, Northampton",2,9.3,Worcestershire,Northamptonshire,EA Brookes,JD Libby,CJ White,0,0,,,,,,,,,
1415115,2024,2024-08-04,"County Ground, Northampton",2,9.4,Worcestershire,Northamptonshire,EA Brookes,JD Libby,CJ White,2,0,,,,,,,,,
1415115,2024,2024-08-04,"County Ground, Northampton",2,9.5,Worcestershire,Northamptonshire,EA Brookes,JD Libby,CJ White,0,0,,,,,,,,,
1415115,2024,2024-08-04,"County Ground, Northampton",2,9.6,Worcestershire,Northamptonshire,EA Brookes,JD Libby,CJ White,0,0,,,,,,,,,
1415115,2024,2024-08-04,"County Ground, Northampton",2,10.1,Worcestershire,Northamptonshire,JD Libby,EA Brookes,J Broad,2,0,,,,,,,,,
1415115,2024,2024-08-04,"County Ground, Northampton",2,10.2,Worcestershire,Northamptonshire,JD Libby,EA Brookes,J Broad,1,0,,,,,,,,,
1415115,2024,2024-08-04,"County Ground, Northampton",2,10.3,Worcestershire,Northamptonshire,EA Brookes,JD Libby,J Broad,0,0,,,,,,,,,
1415115,2024,2024-08-04,"County Ground, Northampton",2,10.4,Worcestershire,Northamptonshire,EA Brookes,JD Libby,J Broad,0,0,,,,,,,,,
1415115,2024,2024-08-04,"County Ground, Northampton",2,10.5,Worcestershire,Northamptonshire,EA Brookes,JD Libby,J Broad,0,0,,,,,,,,,
1415115,2024,2024-08-04,"County Ground, Northampton",2,10.6,Worcestershire,Northamptonshire,EA Brookes,JD Libby,J Broad,0,0,,,,,,,,,
1415115,2024,2024-08-04,"County Ground, Northampton",2,11.1,Worcestershire,Northamptonshire,JD Libby,EA Brookes,CJ White,0,0,,,,,,,,,
1415115,2024,2024-08-04,"County Ground, Northampton",2,11.2,Worcestershire,Northamptonshire,JD Libby,EA Brookes,CJ White,0,0,,,,,,,,,
1415115,2024,2024-08-04,"County Ground, Northampton",2,11.3,Worcestershire,Northamptonshire,JD Libby,EA Brookes,CJ White,0,0,,,,,,,,,
1415115,2024,2024-08-04,"County Ground, Northampton",2,11.4,Worcestershire,Northamptonshire,JD Libby,EA Brookes,CJ White,0,0,,,,,,,,,
1415115,2024,2024-08-04,"County Ground, Northampton",2,11.5,Worcestershire,Northamptonshire,JD Libby,EA Brookes,CJ White,1,0,,,,,,,,,
1415115,2024,2024-08-04,"County Ground, Northampton",2,11.6,Worcestershire,Northamptonshire,EA Brookes,JD Libby,CJ White,0,0,,,,,,,,,
1415115,2024,2024-08-04,"County Ground, Northampton",2,12.1,Worcestershire,Northamptonshire,JD Libby,EA Brookes,J Broad,0,0,,,,,,,,,
1415115,2024,2024-08-04,"County Ground, Northampton",2,12.2,Worcestershire,Northamptonshire,JD Libby,EA Brookes,J Broad,0,0,,,,,,,,,
1415115,2024,2024-08-04,"County Ground, Northampton",2,12.3,Worcestershire,Northamptonshire,JD Libby,EA Brookes,J Broad,0,0,,,,,,,,,
1415115,2024,2024-08-04,"County Ground, Northampton",2,12.4,Worcestershire,Northamptonshire,JD Libby,EA Brookes,J Broad,0,0,,,,,,,,,
1415115,2024,2024-08-04,"County Ground, Northampton",2,12.5,Worcestershire,Northamptonshire,JD Libby,EA Brookes,J Broad,0,0,,,,,,,,,
1415115,2024,2024-08-04,"County Ground, Northampton",2,12.6,Worcestershire,Northamptonshire,JD Libby,EA Brookes,J Broad,4,0,,,,,,,,,
1415115,2024,2024-08-04,"County Ground, Northampton",2,13.1,Worcestershire,Northamptonshire,EA Brookes,JD Libby,CJ White,0,0,,,,,,,,,
1415115,2024,2024-08-04,"County Ground, Northampton",2,13.2,Worcestershire,Northamptonshire,EA Brookes,JD Libby,CJ White,0,0,,,,,,,,,
1415115,2024,2024-08-04,"County Ground, Northampton",2,13.3,Worcestershire,Northamptonshire,EA Brookes,JD Libby,CJ White,0,0,,,,,,,,,
1415115,2024,2024-08-04,"County Ground, Northampton",2,13.4,Worcestershire,Northamptonshire,EA Brookes,JD Libby,CJ White,0,0,,,,,,,,,
1415115,2024,2024-08-04,"County Ground, Northampton",2,13.5,Worcestershire,Northamptonshire,EA Brookes,JD Libby,CJ White,0,0,,,,,,,,,
1415115,2024,2024-08-04,"County Ground, Northampton",2,13.6,Worcestershire,Northamptonshire,EA Brookes,JD Libby,CJ White,1,0,,,,,,,,,
1415115,2024,2024-08-04,"County Ground, Northampton",2,14.1,Worcestershire,Northamptonshire,EA Brookes,JD Libby,J Broad,0,0,,,,,,lbw,EA Brookes,,
1415115,2024,2024-08-04,"County Ground, Northampton",2,14.2,Worcestershire,Northamptonshire,RM Edavalath,JD Libby,J Broad,0,0,,,,,,,,,
1415115,2024,2024-08-04,"County Ground, Northampton",2,14.3,Worcestershire,Northamptonshire,RM Edavalath,JD Libby,J Broad,0,0,,,,,,,,,
1415115,2024,2024-08-04,"County Ground, Northampton",2,14.4,Worcestershire,Northamptonshire,RM Edavalath,JD Libby,J Broad,0,0,,,,,,caught,RM Edavalath,,
1415115,2024,2024-08-04,"County Ground, Northampton",2,14.5,Worcestershire,Northamptonshire,TAI Taylor,JD Libby,J Broad,0,1,1,,,,,,,,
1415115,2024,2024-08-04,"County Ground, Northampton",2,14.6,Worcestershire,Northamptonshire,TAI Taylor,JD Libby,J Broad,0,0,,,,,,,,,
1415115,2024,2024-08-04,"County Ground, Northampton",2,14.7,Worcestershire,Northamptonshire,TAI Taylor,JD Libby,J Broad,4,0,,,,,,,,,
1415115,2024,2024-08-04,"County Ground, Northampton",2,15.1,Worcestershire,Northamptonshire,JD Libby,TAI Taylor,CJ White,0,0,,,,,,,,,
1415115,2024,2024-08-04,"County Ground, Northampton",2,15.2,Worcestershire,Northamptonshire,JD Libby,TAI Taylor,CJ White,0,0,,,,,,,,,
1415115,2024,2024-08-04,"County Ground, Northampton",2,15.3,Worcestershire,Northamptonshire,JD Libby,TAI Taylor,CJ White,1,0,,,,,,,,,
1415115,2024,2024-08-04,"County Ground, Northampton",2,15.4,Worcestershire,Northamptonshire,TAI Taylor,JD Libby,CJ White,0,0,,,,,,,,,
1415115,2024,2024-08-04,"County Ground, Northampton",2,15.5,Worcestershire,Northamptonshire,TAI Taylor,JD Libby,CJ White,0,0,,,,,,,,,
1415115,2024,2024-08-04,"County Ground, Northampton",2,15.6,Worcestershire,Northamptonshire,TAI Taylor,JD Libby,CJ White,0,0,,,,,,,,,
1415115,2024,2024-08-04,"County Ground, Northampton",2,16.1,Worcestershire,Northamptonshire,JD Libby,TAI Taylor,J Broad,1,0,,,,,,,,,
1415115,2024,2024-08-04,"County Ground, Northampton",2,16.2,Worcestershire,Northamptonshire,TAI Taylor,JD Libby,J Broad,0,0,,,,,,,,,
1415115,2024,2024-08-04,"County Ground, Northampton",2,16.3,Worcestershire,Northamptonshire,TAI Taylor,JD Libby,J Broad,0,0,,,,,,,,,
1415115,2024,2024-08-04,"County Ground, Northampton",2,16.4,Worcestershire,Northamptonshire,TAI Taylor,JD Libby,J Broad,0,1,,,,1,,,,,
1415115,2024,2024-08-04,"County Ground, Northampton",2,16.5,Worcestershire,Northamptonshire,JD Libby,TAI Taylor,J Broad,2,0,,,,,,,,,
1415115,2024,2024-08-04,"County Ground, Northampton",2,16.6,Worcestershire,Northamptonshire,JD Libby,TAI Taylor,J Broad,0,1,1,,,,,,,,
1415115,2024,2024-08-04,"County Ground, Northampton",2,16.7,Worcestershire,Northamptonshire,JD Libby,TAI Taylor,J Broad,1,0,,,,,,,,,
1415115,2024,2024-08-04,"County Ground, Northampton",2,17.1,Worcestershire,Northamptonshire,JD Libby,TAI Taylor,CJ White,0,0,,,,,,,,,
1415115,2024,2024-08-04,"County Ground, Northampton",2,17.2,Worcestershire,Northamptonshire,JD Libby,TAI Taylor,CJ White,1,0,,,,,,,,,
1415115,2024,2024-08-04,"County Ground, Northampton",2,17.3,Worcestershire,Northamptonshire,TAI Taylor,JD Libby,CJ White,0,1,,,,1,,,,,
1415115,2024,2024-08-04,"County Ground, Northampton",2,17.4,Worcestershire,Northamptonshire,JD Libby,TAI Taylor,CJ White,0,0,,,,,,,,,
1415115,2024,2024-08-04,"County Ground, Northampton",2,17.5,Worcestershire,Northamptonshire,JD Libby,TAI Taylor,CJ White,0,0,,,,,,,,,
1415115,2024,2024-08-04,"County Ground, Northampton",2,17.6,Worcestershire,Northamptonshire,JD Libby,TAI Taylor,CJ White,4,0,,,,,,,,,
1415115,2024,2024-08-04,"County Ground, Northampton",2,18.1,Worcestershire,Northamptonshire,TAI Taylor,JD Libby,AH Miller,1,0,,,,,,,,,
1415115,2024,2024-08-04,"County Ground, Northampton",2,18.2,Worcestershire,Northamptonshire,JD Libby,TAI Taylor,AH Miller,1,0,,,,,,,,,
1415115,2024,2024-08-04,"County Ground, Northampton",2,18.3,Worcestershire,Northamptonshire,TAI Taylor,JD Libby,AH Miller,0,0,,,,,,,,,
1415115,2024,2024-08-04,"County Ground, Northampton",2,18.4,Worcestershire,Northamptonshire,TAI Taylor,JD Libby,AH Miller,0,0,,,,,,,,,
1415115,2024,2024-08-04,"County Ground, Northampton",2,18.5,Worcestershire,Northamptonshire,TAI Taylor,JD Libby,AH Miller,0,0,,,,,,,,,
1415115,2024,2024-08-04,"County Ground, Northampton",2,18.6,Worcestershire,Northamptonshire,TAI Taylor,JD Libby,AH Miller,4,0,,,,,,,,,
1415115,2024,2024-08-04,"County Ground, Northampton",2,19.1,Worcestershire,Northamptonshire,JD Libby,TAI Taylor,CJ White,1,0,,,,,,,,,
1415115,2024,2024-08-04,"County Ground, Northampton",2,19.2,Worcestershire,Northamptonshire,TAI Taylor,JD Libby,CJ White,0,0,,,,,,,,,
1415115,2024,2024-08-04,"County Ground, Northampton",2,19.3,Worcestershire,Northamptonshire,TAI Taylor,JD Libby,CJ White,0,0,,,,,,,,,
1415115,2024,2024-08-04,"County Ground, Northampton",2,19.4,Worcestershire,Northamptonshire,TAI Taylor,JD Libby,CJ White,1,0,,,,,,,,,
1415115,2024,2024-08-04,"County Ground, Northampton",2,19.5,Worcestershire,Northamptonshire,JD Libby,TAI Taylor,CJ White,0,0,,,,,,,,,
1415115,2024,2024-08-04,"County Ground, Northampton",2,19.6,Worcestershire,Northamptonshire,JD Libby,TAI Taylor,CJ White,0,0,,,,,,,,,
1415115,2024,2024-08-04,"County Ground, Northampton",2,20.1,Worcestershire,Northamptonshire,TAI Taylor,JD Libby,AH Miller,0,0,,,,,,,,,
1415115,2024,2024-08-04,"County Ground, Northampton",2,20.2,Worcestershire,Northamptonshire,TAI Taylor,JD Libby,AH Miller,0,0,,,,,,,,,
1415115,2024,2024-08-04,"County Ground, Northampton",2,20.3,Worcestershire,Northamptonshire,TAI Taylor,JD Libby,AH Miller,1,0,,,,,,,,,
1415115,2024,2024-08-04,"County Ground, Northampton",2,20.4,Worcestershire,Northamptonshire,JD Libby,TAI Taylor,AH Miller,0,0,,,,,,,,,
1415115,2024,2024-08-04,"County Ground, Northampton",2,20.5,Worcestershire,Northamptonshire,JD Libby,TAI Taylor,AH Miller,1,0,,,,,,,,,
1415115,2024,2024-08-04,"County Ground, Northampton",2,20.6,Worcestershire,Northamptonshire,TAI Taylor,JD Libby,AH Miller,1,0,,,,,,,,,
1415115,2024,2024-08-04,"County Ground, Northampton",2,21.1,Worcestershire,Northamptonshire,TAI Taylor,JD Libby,J Broad,6,0,,,,,,,,,
1415115,2024,2024-08-04,"County Ground, Northampton",2,21.2,Worcestershire,Northamptonshire,TAI Taylor,JD Libby,J Broad,0,0,,,,,,,,,
1415115,2024,2024-08-04,"County Ground, Northampton",2,21.3,Worcestershire,Northamptonshire,TAI Taylor,JD Libby,J Broad,4,0,,,,,,,,,
1415115,2024,2024-08-04,"County Ground, Northampton",2,21.4,Worcestershire,Northamptonshire,TAI Taylor,JD Libby,J Broad,4,0,,,,,,,,,
1415115,2024,2024-08-04,"County Ground, Northampton",2,21.5,Worcestershire,Northamptonshire,TAI Taylor,JD Libby,J Broad,0,0,,,,,,,,,
1415115,2024,2024-08-04,"County Ground, Northampton",2,21.6,Worcestershire,Northamptonshire,TAI Taylor,JD Libby,J Broad,1,0,,,,,,,,,
1415115,2024,2024-08-04,"County Ground, Northampton",2,22.1,Worcestershire,Northamptonshire,TAI Taylor,JD Libby,AH Miller,0,0,,,,,,,,,
1415115,2024,2024-08-04,"County Ground, Northampton",2,22.2,Worcestershire,Northamptonshire,TAI Taylor,JD Libby,AH Miller,0,1,,,,1,,,,,
1415115,2024,2024-08-04,"County Ground, Northampton",2,22.3,Worcestershire,Northamptonshire,JD Libby,TAI Taylor,AH Miller,1,0,,,,,,,,,
1415115,2024,2024-08-04,"County Ground, Northampton",2,22.4,Worcestershire,Northamptonshire,TAI Taylor,JD Libby,AH Miller,4,0,,,,,,,,,
1415115,2024,2024-08-04,"County Ground, Northampton",2,22.5,Worcestershire,Northamptonshire,TAI Taylor,JD Libby,AH Miller,6,0,,,,,,,,,
1415115,2024,2024-08-04,"County Ground, Northampton",2,22.6,Worcestershire,Northamptonshire,TAI Taylor,JD Libby,AH Miller,4,0,,,,,,,,,
1415115,2024,2024-08-04,"County Ground, Northampton",2,23.1,Worcestershire,Northamptonshire,JD Libby,TAI Taylor,SA Zaib,1,0,,,,,,,,,
1415115,2024,2024-08-04,"County Ground, Northampton",2,23.2,Worcestershire,Northamptonshire,TAI Taylor,JD Libby,SA Zaib,0,0,,,,,,,,,
1415115,2024,2024-08-04,"County Ground, Northampton",2,23.3,Worcestershire,Northamptonshire,TAI Taylor,JD Libby,SA Zaib,0,0,,,,,,,,,
1415115,2024,2024-08-04,"County Ground, Northampton",2,23.4,Worcestershire,Northamptonshire,TAI Taylor,JD Libby,SA Zaib,2,0,,,,,,,,,
1415115,2024,2024-08-04,"County Ground, Northampton",2,23.5,Worcestershire,Northamptonshire,TAI Taylor,JD Libby,SA Zaib,4,0,,,,,,,,,
1415115,2024,2024-08-04,"County Ground, Northampton",2,23.6,Worcestershire,Northamptonshire,TAI Taylor,JD Libby,SA Zaib,1,0,,,,,,,,,
1415115,2024,2024-08-04,"County Ground, Northampton",2,24.1,Worcestershire,Northamptonshire,TAI Taylor,JD Libby,FJ Heldreich,4,0,,,,,,,,,
1415115,2024,2024-08-04,"County Ground, Northampton",2,24.2,Worcestershire,Northamptonshire,TAI Taylor,JD Libby,FJ Heldreich,0,0,,,,,,,,,
1415115,2024,2024-08-04,"County Ground, Northampton",2,24.3,Worcestershire,Northamptonshire,TAI Taylor,JD Libby,FJ Heldreich,1,0,,,,,,,,,
1415115,2024,2024-08-04,"County Ground, Northampton",2,24.4,Worcestershire,Northamptonshire,JD Libby,TAI Taylor,FJ Heldreich,0,0,,,,,,,,,
1415115,2024,2024-08-04,"County Ground, Northampton",2,24.5,Worcestershire,Northamptonshire,JD Libby,TAI Taylor,FJ Heldreich,1,0,,,,,,,,,
1415115,2024,2024-08-04,"County Ground, Northampton",2,24.6,Worcestershire,Northamptonshire,TAI Taylor,JD Libby,FJ Heldreich,0,0,,,,,,,,,
1415115,2024,2024-08-04,"County Ground, Northampton",2,25.1,Worcestershire,Northamptonshire,JD Libby,TAI Taylor,SA Zaib,0,0,,,,,,,,,
1415115,2024,2024-08-04,"County Ground, Northampton",2,25.2,Worcestershire,Northamptonshire,JD Libby,TAI Taylor,SA Zaib,1,0,,,,,,,,,
1415115,2024,2024-08-04,"County Ground, Northampton",2,25.3,Worcestershire,Northamptonshire,TAI Taylor,JD Libby,SA Zaib,0,0,,,,,,,,,
1415115,2024,2024-08-04,"County Ground, Northampton",2,25.4,Worcestershire,Northamptonshire,TAI Taylor,JD Libby,SA Zaib,4,0,,,,,,,,,
1415115,2024,2024-08-04,"County Ground, Northampton",2,25.5,Worcestershire,Northamptonshire,TAI Taylor,JD Libby,SA Zaib,0,0,,,,,,lbw,TAI Taylor,,
1415115,2024,2024-08-04,"County Ground, Northampton",2,25.6,Worcestershire,Northamptonshire,F Singh,JD Libby,SA Zaib,1,0,,,,,,,,,
1415115,2024,2024-08-04,"County Ground, Northampton",2,26.1,Worcestershire,Northamptonshire,F Singh,JD Libby,FJ Heldreich,0,0,,,,,,,,,
1415115,2024,2024-08-04,"County Ground, Northampton",2,26.2,Worcestershire,Northamptonshire,F Singh,JD Libby,FJ Heldreich,0,0,,,,,,,,,
1415115,2024,2024-08-04,"County Ground, Northampton",2,26.3,Worcestershire,Northamptonshire,F Singh,JD Libby,FJ Heldreich,0,1,,,,1,,,,,
1415115,2024,2024-08-04,"County Ground, Northampton",2,26.4,Worcestershire,Northamptonshire,JD Libby,F Singh,FJ Heldreich,0,0,,,,,,,,,
1415115,2024,2024-08-04,"County Ground, Northampton",2,26.5,Worcestershire,Northamptonshire,JD Libby,F Singh,FJ Heldreich,2,0,,,,,,,,,
1415115,2024,2024-08-04,"County Ground, Northampton",2,26.6,Worcestershire,Northamptonshire,JD Libby,F Singh,FJ Heldreich,0,0,,,,,,,,,
1415115,2024,2024-08-04,"County Ground, Northampton",2,27.1,Worcestershire,Northamptonshire,F Singh,JD Libby,SA Zaib,1,0,,,,,,,,,
1415115,2024,2024-08-04,"County Ground, Northampton",2,27.2,Worcestershire,Northamptonshire,JD Libby,F Singh,SA Zaib,0,0,,,,,,,,,
1415115,2024,2024-08-04,"County Ground, Northampton",2,27.3,Worcestershire,Northamptonshire,JD Libby,F Singh,SA Zaib,2,0,,,,,,,,,
1415115,2024,2024-08-04,"County Ground, Northampton",2,27.4,Worcestershire,Northamptonshire,JD Libby,F Singh,SA Zaib,0,1,1,,,,,,,,
1415115,2024,2024-08-04,"County Ground, Northampton",2,27.5,Worcestershire,Northamptonshire,JD Libby,F Singh,SA Zaib,1,0,,,,,,,,,
1415115,2024,2024-08-04,"County Ground, Northampton",2,27.6,Worcestershire,Northamptonshire,F Singh,JD Libby,SA Zaib,6,0,,,,,,,,,
1415115,2024,2024-08-04,"County Ground, Northampton",2,27.7,Worcestershire,Northamptonshire,F Singh,JD Libby,SA Zaib,6,0,,,,,,,,,
1415115,2024,2024-08-04,"County Ground, Northampton",2,28.1,Worcestershire,Northamptonshire,JD Libby,F Singh,FJ Heldreich,0,0,,,,,,,,,
1415115,2024,2024-08-04,"County Ground, Northampton",2,28.2,Worcestershire,Northamptonshire,JD Libby,F Singh,FJ Heldreich,4,0,,,,,,,,,
1415115,2024,2024-08-04,"County Ground, Northampton",2,28.3,Worcestershire,Northamptonshire,JD Libby,F Singh,FJ Heldreich,0,0,,,,,,,,,
1415115,2024,2024-08-04,"County Ground, Northampton",2,28.4,Worcestershire,Northamptonshire,JD Libby,F Singh,FJ Heldreich,1,0,,,,,,,,,
1415115,2024,2024-08-04,"County Ground, Northampton",2,28.5,Worcestershire,Northamptonshire,F Singh,JD Libby,FJ Heldreich,0,0,,,,,,,,,
1415115,2024,2024-08-04,"County Ground, Northampton",2,28.6,Worcestershire,Northamptonshire,F Singh,JD Libby,FJ Heldreich,0,0,,,,,,,,,
1415115,2024,2024-08-04,"County Ground, Northampton",2,29.1,Worcestershire,Northamptonshire,JD Libby,F Singh,SA Zaib,1,0,,,,,,,,,
1415115,2024,2024-08-04,"County Ground, Northampton",2,29.2,Worcestershire,Northamptonshire,F Singh,JD Libby,SA Zaib,0,1,,,,1,,,,,
1415115,2024,2024-08-04,"County Ground, Northampton",2,29.3,Worcestershire,Northamptonshire,JD Libby,F Singh,SA Zaib,1,0,,,,,,,,,
1415115,2024,2024-08-04,"County Ground, Northampton",2,29.4,Worcestershire,Northamptonshire,F Singh,JD Libby,SA Zaib,1,0,,,,,,,,,
1415115,2024,2024-08-04,"County Ground, Northampton",2,29.5,Worcestershire,Northamptonshire,JD Libby,F Singh,SA Zaib,0,0,,,,,,,,,
1415115,2024,2024-08-04,"County Ground, Northampton",2,29.6,Worcestershire,Northamptonshire,JD Libby,F Singh,SA Zaib,1,0,,,,,,,,,
1415115,2024,2024-08-04,"County Ground, Northampton",2,30.1,Worcestershire,Northamptonshire,JD Libby,F Singh,FJ Heldreich,1,0,,,,,,,,,
1415115,2024,2024-08-04,"County Ground, Northampton",2,30.2,Worcestershire,Northamptonshire,F Singh,JD Libby,FJ Heldreich,0,0,,,,,,caught,F Singh,,
1415115,2024,2024-08-04,"County Ground, Northampton",2,30.3,Worcestershire,Northamptonshire,HM Khan,JD Libby,FJ Heldreich,0,0,,,,,,,,,
1415115,2024,2024-08-04,"County Ground, Northampton",2,30.4,Worcestershire,Northamptonshire,HM Khan,JD Libby,FJ Heldreich,0,0,,,,,,,,,
1415115,2024,2024-08-04,"County Ground, Northampton",2,30.5,Worcestershire,Northamptonshire,HM Khan,JD Libby,FJ Heldreich,0,0,,,,,,,,,
1415115,2024,2024-08-04,"County Ground, Northampton",2,30.6,Worcestershire,Northamptonshire,HM Khan,JD Libby,FJ Heldreich,1,0,,,,,,,,,
1415115,2024,2024-08-04,"County Ground, Northampton",2,31.1,Worcestershire,Northamptonshire,HM Khan,JD Libby,SA Zaib,0,0,,,,,,bowled,HM Khan,,
1415115,2024,2024-08-04,"County Ground, Northampton",2,31.2,Worcestershire,Northamptonshire,TI Hinley,JD Libby,SA Zaib,0,0,,,,,,,,,
1415115,2024,2024-08-04,"County Ground, Northampton",2,31.3,Worcestershire,Northamptonshire,TI Hinley,JD Libby,SA Zaib,0,0,,,,,,caught,TI Hinley,,
1415115,2024,2024-08-04,"County Ground, Northampton",2,31.4,Worcestershire,Northamptonshire,HC Darley,JD Libby,SA Zaib,0,0,,,,,,,,,
1415115,2024,2024-08-04,"County Ground, Northampton",2,31.5,Worcestershire,Northamptonshire,HC Darley,JD Libby,SA Zaib,0,0,,,,,,,,,
1415115,2024,2024-08-04,"County Ground, Northampton",2,31.6,Worcestershire,Northamptonshire,HC Darley,JD Libby,SA Zaib,0,0,,,,,,,,,
1415115,2024,2024-08-04,"County Ground, Northampton",2,32.1,Worcestershire,Northamptonshire,JD Libby,HC Darley,FJ Heldreich,1,0,,,,,,,,,
1415115,2024,2024-08-04,"County Ground, Northampton",2,32.2,Worcestershire,Northamptonshire,HC Darley,JD Libby,FJ Heldreich,0,0,,,,,,,,,
1415115,2024,2024-08-04,"County Ground, Northampton",2,32.3,Worcestershire,Northamptonshire,HC Darley,JD Libby,FJ Heldreich,1,0,,,,,,,,,
1415115,2024,2024-08-04,"County Ground, Northampton",2,32.4,Worcestershire,Northamptonshire,JD Libby,HC Darley,FJ Heldreich,1,0,,,,,,,,,
1415115,2024,2024-08-04,"County Ground, Northampton",2,32.5,Worcestershire,Northamptonshire,HC Darley,JD Libby,FJ Heldreich,0,0,,,,,,,,,
1415115,2024,2024-08-04,"County Ground, Northampton",2,32.6,Worcestershire,Northamptonshire,HC Darley,JD Libby,FJ Heldreich,0,0,,,,,,,,,
1415115,2024,2024-08-04,"County Ground, Northampton",2,33.1,Worcestershire,Northamptonshire,JD Libby,HC Darley,SA Zaib,0,0,,,,,,,,,
1415115,2024,2024-08-04,"County Ground, Northampton",2,33.2,Worcestershire,Northamptonshire,JD Libby,HC Darley,SA Zaib,1,0,,,,,,,,,
1415115,2024,2024-08-04,"County Ground, Northampton",2,33.3,Worcestershire,Northamptonshire,HC Darley,JD Libby,SA Zaib,0,0,,,,,,,,,
1415115,2024,2024-08-04,"County Ground, Northampton",2,33.4,Worcestershire,Northamptonshire,HC Darley,JD Libby,SA Zaib,1,0,,,,,,,,,
1415115,2024,2024-08-04,"County Ground, Northampton",2,33.5,Worcestershire,Northamptonshire,JD Libby,HC Darley,SA Zaib,1,0,,,,,,,,,
1415115,2024,2024-08-04,"County Ground, Northampton",2,33.6,Worcestershire,Northamptonshire,HC Darley,JD Libby,SA Zaib,1,0,,,,,,,,,
1415115,2024,2024-08-04,"County Ground, Northampton",2,34.1,Worcestershire,Northamptonshire,HC Darley,JD Libby,FJ Heldreich,1,0,,,,,,,,,
1415115,2024,2024-08-04,"County Ground, Northampton",2,34.2,Worcestershire,Northamptonshire,JD Libby,HC Darley,FJ Heldreich,1,0,,,,,,,,,
1415115,2024,2024-08-04,"County Ground, Northampton",2,34.3,Worcestershire,Northamptonshire,HC Darley,JD Libby,FJ Heldreich,0,0,,,,,,,,,
1415115,2024,2024-08-04,"County Ground, Northampton",2,34.4,Worcestershire,Northamptonshire,HC Darley,JD Libby,FJ Heldreich,0,0,,,,,,,,,
1415115,2024,2024-08-04,"County Ground, Northampton",2,34.5,Worcestershire,Northamptonshire,HC Darley,JD Libby,FJ Heldreich,1,0,,,,,,,,,
1415115,2024,2024-08-04,"County Ground, Northampton",2,34.6,Worcestershire,Northamptonshire,JD Libby,HC Darley,FJ Heldreich,4,0,,,,,,,,,
1415115,2024,2024-08-04,"County Ground, Northampton",2,35.1,Worcestershire,Northamptonshire,HC Darley,JD Libby,SA Zaib,0,0,,,,,,,,,
1415115,2024,2024-08-04,"County Ground, Northampton",2,35.2,Worcestershire,Northamptonshire,HC Darley,JD Libby,SA Zaib,1,0,,,,,,,,,
1415115,2024,2024-08-04,"County Ground, Northampton",2,35.3,Worcestershire,Northamptonshire,JD Libby,HC Darley,SA Zaib,0,0,,,,,,,,,
1415115,2024,2024-08-04,"County Ground, Northampton",2,35.4,Worcestershire,Northamptonshire,JD Libby,HC Darley,SA Zaib,1,0,,,,,,,,,
1415115,2024,2024-08-04,"County Ground, Northampton",2,35.5,Worcestershire,Northamptonshire,HC Darley,JD Libby,SA Zaib,1,0,,,,,,,,,
1415115,2024,2024-08-04,"County Ground, Northampton",2,35.6,Worcestershire,Northamptonshire,JD Libby,HC Darley,SA Zaib,0,0,,,,,,,,,
1415115,2024,2024-08-04,"County Ground, Northampton",2,36.1,Worcestershire,Northamptonshire,HC Darley,JD Libby,J Broad,0,0,,,,,,,,,
1415115,2024,2024-08-04,"County Ground, Northampton",2,36.2,Worcestershire,Northamptonshire,HC Darley,JD Libby,J Broad,0,0,,,,,,,,,
1415115,2024,2024-08-04,"County Ground, Northampton",2,36.3,Worcestershire,Northamptonshire,HC Darley,JD Libby,J Broad,0,0,,,,,,,,,
1415115,2024,2024-08-04,"County Ground, Northampton",2,36.4,Worcestershire,Northamptonshire,HC Darley,JD Libby,J Broad,0,0,,,,,,,,,
1415115,2024,2024-08-04,"County Ground, Northampton",2,36.5,Worcestershire,Northamptonshire,HC Darley,JD Libby,J Broad,0,0,,,,,,,,,
1415115,2024,2024-08-04,"County Ground, Northampton",2,36.6,Worcestershire,Northamptonshire,HC Darley,JD Libby,J Broad,0,0,,,,,,,,,
1415115,2024,2024-08-04,"County Ground, Northampton",2,37.1,Worcestershire,Northamptonshire,JD Libby,HC Darley,SA Zaib,0,0,,,,,,,,,
1415115,2024,2024-08-04,"County Ground, Northampton",2,37.2,Worcestershire,Northamptonshire,JD Libby,HC Darley,SA Zaib,0,0,,,,,,,,,
1415115,2024,2024-08-04,"County Ground, Northampton",2,37.3,Worcestershire,Northamptonshire,JD Libby,HC Darley,SA Zaib,1,0,,,,,,,,,
1415115,2024,2024-08-04,"County Ground, Northampton",2,37.4,Worcestershire,Northamptonshire,HC Darley,JD Libby,SA Zaib,0,0,,,,,,,,,
1415115,2024,2024-08-04,"County Ground, Northampton",2,37.5,Worcestershire,Northamptonshire,HC Darley,JD Libby,SA Zaib,0,0,,,,,,,,,
1415115,2024,2024-08-04,"County Ground, Northampton",2,37.6,Worcestershire,Northamptonshire,HC Darley,JD Libby,SA Zaib,1,0,,,,,,,,,
1415115,2024,2024-08-04,"County Ground, Northampton",2,38.1,Worcestershire,Northamptonshire,HC Darley,JD Libby,J Broad,0,0,,,,,,,,,
1415115,2024,2024-08-04,"County Ground, Northampton",2,38.2,Worcestershire,Northamptonshire,HC Darley,JD Libby,J Broad,0,0,,,,,,,,,
1415115,2024,2024-08-04,"County Ground, Northampton",2,38.3,Worcestershire,Northamptonshire,HC Darley,JD Libby,J Broad,0,0,,,,,,,,,
1415115,2024,2024-08-04,"County Ground, Northampton",2,38.4,Worcestershire,Northamptonshire,HC Darley,JD Libby,J Broad,0,0,,,,,,,,,
1415115,2024,2024-08-04,"County Ground, Northampton",2,38.5,Worcestershire,Northamptonshire,HC Darley,JD Libby,J Broad,0,0,,,,,,,,,
1415115,2024,2024-08-04,"County Ground, Northampton",2,38.6,Worcestershire,Northamptonshire,HC Darley,JD Libby,J Broad,0,0,,,,,,caught,HC Darley,,
